loc,country,lat,lon
Abbeville,United States,29.9751,-92.1265
Aberdeen,United States,45.4649,-98.4686
Acton,United States,42.4843,-71.4378
Ada,United States,34.7662,-96.6681
Alamo,United States,26.181,-98.1177
Albany,United States,42.6664,-73.7987
Albertville,United States,34.2633,-86.2108
Alexandria,Brazil,-6.4128,-38.0158
Alexandria,Egypt,31.1975,29.8925
Alexandria,Romania,43.9686,25.3333
Alexandria,United States,38.8185,-77.0861
Allen,United States,33.1088,-96.6735
Alma,United States,43.3799,-84.6556
Alton,United States,38.9037,-90.152
Amelia,Italy,42.55,12.4167
Amelia,United States,39.0269,-84.2218
Ames,United States,42.0256,-93.6217
Amesbury,United States,42.853,-70.9446
Amherst,United States,43.0117,-78.757
Amsterdam,United States,42.942,-74.1906
Andover,United States,42.6466,-71.1651
Antrim,United States,39.7862,-77.7221
Appleton,United States,44.278,-88.3892
Arnold,United States,39.0437,-76.4974
Athens,Greece,37.9842,23.7281
Athens,United States,33.9508,-83.3689
Augusta,Italy,37.25,15.2167
Augusta,United States,33.3645,-82.0708
Aurora,United States,39.7083,-104.7237
Avon,United States,41.4485,-82.0187
Bangor,United States,44.8323,-68.7906
Barberton,South Africa,-25.7861,31.0531
Barberton,United States,41.0095,-81.6037
Bath,United States,42.3219,-77.3083
Bayonne,United States,40.6668,-74.1158
Beaumont,United States,30.0849,-94.1451
Bedford,United States,32.8464,-97.135
Bel Air,Mauritius,-20.2582,57.7545
Bel Air,United States,39.5348,-76.346
Belgrade,Serbia,44.82,20.46
Bella Vista,United States,36.4667,-94.2707
Belleville,United States,40.795,-74.1617
Bellevue,France,48.871,2.385
Bellevue,United States,47.5951,-122.1535
Berlin,Germany,52.52,13.405
Bethlehem,United States,40.6266,-75.3679
Birmingham,United Kingdom,52.48,-1.9025
Bogota,Colombia,4.7111,-74.0722
Bolivar,Colombia,1.9708,-76.9694
Borger,Netherlands,52.9236,6.7922
Borger,United States,35.6598,-101.4012
Boston,United States,42.3188,-71.0852
Bourne,United States,41.7233,-70.5816
Braintree,United States,42.2039,-71.0022
Brandon,United States,27.9367,-82.3
Brentwood,United States,40.7839,-73.2522
Bridgetown,Barbados,13.0975,-59.6167
Bridgetown,United States,39.1552,-84.6359
Bridgewater,United States,40.5934,-74.6076
Brighton,United Kingdom,50.8208,-0.1375
Bristol,United Kingdom,51.4536,-2.5975
Brockton,United States,42.0821,-71.0242
Buckingham,United Kingdom,51.995,-0.986
Burlington,United States,36.076,-79.4685
Cairo,Egypt,30.0444,31.2358
Camas,Spain,37.402,-6.0332
Camas,Turkey,40.9131,37.5169
Cambridge,United Kingdom,52.2053,0.1192
Cambridge,United States,42.3759,-71.1185
Carlisle,United Kingdom,54.891,-2.944
Carlisle,United States,40.2,-77.2034
Carthage,Tunisia,36.8528,10.3233
Carthage,United States,37.1503,-94.3225
Ceres,Argentina,-29.8667,-61.95
Ceres,Brazil,-15.3078,-49.5978
Ceres,United States,37.5952,-120.962
Cerritos,Mexico,22.4275,-100.2783
Cerritos,United States,33.8678,-118.0686
Chalco,Mexico,19.2647,-98.8975
Chantilly,France,49.1869,2.4608
Chaparral,Colombia,3.75,-75.5833
Chatham,Canada,42.4229,-82.1324
Chatham,United States,39.6733,-89.6934
Chelmsford,United Kingdom,51.73,0.48
Cheltenham,United Kingdom,51.9,-2.0667
Cheltenham,United States,40.0781,-75.1382
Chester,United States,39.8456,-75.3718
Chesterfield,United States,38.6589,-90.5803
Chino,Japan,35.9955,138.1588
Chino,United States,33.9836,-117.6654
Clayton,United Kingdom,53.782,-1.8135
Clayton,United States,38.6444,-90.3303
Clermont,United States,28.5325,-81.7208
Clifton,United States,40.863,-74.1575
Colchester,United States,44.5545,-73.2168
Colonia,United States,40.5926,-74.3148
Cornwall,United Kingdom,45.0275,-74.74
Coventry,United States,41.6934,-71.6611
Croydon,United States,40.0911,-74.8975
Damascus,Syria,33.5131,36.2919
Darien,Colombia,3.9167,-76.6667
Delhi,India,28.61,77.23
Denton,United Kingdom,53.4554,-2.1122
Denton,United States,33.2175,-97.1418
Derby,United Kingdom,52.9217,-1.4767
Derby,United States,39.84,-104.9172
Derry,United Kingdom,54.9917,-7.3417
Derry,United States,42.8888,-71.2804
Douglas,Ireland,51.8764,-8.4358
Douglas,United States,31.3602,-109.5394
Dover,United Kingdom,51.1295,1.3089
Dover,United States,39.161,-75.5202
Dublin,Ireland,53.35,-6.2603
Dublin,United States,37.7161,-121.8963
Dudley,United Kingdom,52.508,-2.089
Dudley,United States,42.055,-71.9352
Dumont,United States,40.9452,-73.9923
Dunedin,New Zealand,-45.8742,170.5036
Dunedin,United States,28.0329,-82.7862
Durango,Mexico,24.025,-104.6675
Durango,United States,37.2659,-107.8781
Durham,United Kingdom,54.7761,-1.5733
Durham,United States,35.9792,-78.9022
El Cerrito,Colombia,3.6667,-76.1667
El Cerrito,United States,37.9196,-122.3025
El Dorado,Mexico,24.3228,-107.363
El Dorado,United States,33.2184,-92.664
El Dorado,Venezuela,6.7167,-61.6167
El Monte,Chile,-33.6833,-71.0167
El Monte,United States,34.0739,-118.0291
El Paso,Colombia,9.6622,-73.7519
El Paso,United States,31.8476,-106.43
Elgin,United Kingdom,57.65,-3.315
Elgin,United States,42.0383,-88.324
Enfield,United Kingdom,51.6522,-0.0808
Enfield,United States,41.9839,-72.5548
Ennis,Ireland,52.8463,-8.9807
Ennis,United States,32.3254,-96.6347
Essex,Canada,42.0833,-82.9
Essex,United States,39.3021,-76.4449
Evesham,United States,39.8605,-74.8947
Exeter,United Kingdom,50.7256,-3.5269
Exeter,United States,40.3139,-75.834
Falmouth,Jamaica,18.49,-77.661
Falmouth,United Kingdom,50.15,-5.07
Falmouth,United States,41.5913,-70.5912
Fenton,United Kingdom,52.9977,-2.1578
Fenton,United States,42.7994,-83.7144
Flint,United States,43.0236,-83.6921
Florence,Italy,43.7714,11.2542
Florence,United States,34.178,-79.7898
Fontana,Malta,36.0364,14.2422
Fontana,United States,34.0968,-117.4599
Forest,Belgium,50.8131,4.3247
Forest,United States,37.3728,-79.2831
Fortuna,Brazil,-5.7328,-44.1578
Fortuna,Costa Rica,10.4483,-84.6421
Fortuna,Spain,38.1789,-1.1233
Fortuna,United States,40.5862,-124.1419
Frankfort,South Africa,-27.2833,28.5167
Frankfort,United States,38.1924,-84.8643
Fredonia,Colombia,5.9167,-75.6667
Fredonia,United States,42.4407,-79.3319
Freeport,Trinidad and Tobago,10.45,-61.4167
Freetown,Sierra Leone,8.4844,-13.2344
Fresno,Colombia,5.1556,-75.0403
Fresno,United States,36.783,-119.7939
Geneva,Switzerland,46.2017,6.1469
Georgetown,Australia,-18.3,143.55
Georgetown,Guyana,6.8058,-58.1508
Georgetown,United States,30.666,-97.6966
Gladstone,Australia,-23.8427,151.2555
Gladstone,United States,39.2134,-94.5592
Glasgow,United Kingdom,55.8611,-4.25
Glastonbury,United Kingdom,51.1485,-2.714
Glencoe,New Zealand,-46.1833,168.6833
Glencoe,South Africa,-28.1833,30.15
Glencoe,United States,42.1347,-87.7641
Gloucester,United Kingdom,51.8644,-2.2444
Gloucester,United States,39.7924,-75.0363
Grafton,Australia,-29.6833,152.9333
Grafton,United States,42.2085,-71.6838
Granby,Canada,45.4,-72.7333
Granby,United States,41.9694,-72.8346
Greenville,Liberia,5.0167,-9.0333
Greenville,United States,34.8354,-82.3646
Griffith,Australia,-34.29,146.04
Griffith,United States,41.5277,-87.4239
Hamburg,Germany,53.55,10
Hamburg,United States,42.7394,-78.8581
Hampton,United Kingdom,51.422,-0.367
Hampton,United States,37.0551,-76.363
Hanover,Canada,49.4433,-96.8492
Hanover,United States,39.8118,-76.9836
Harlingen,Netherlands,53.1736,5.4272
Harlingen,United States,26.1916,-97.6977
Harwich,United Kingdom,51.934,1.266
Harwich,United States,41.6957,-70.0684
Hastings,United Kingdom,50.85,0.57
Hastings,United States,40.5961,-98.39
Hatfield,United Kingdom,51.7636,-0.2258
Hatfield,United States,40.2758,-75.2895
Haverhill,United States,42.7838,-71.0871
Hebron,United States,41.6593,-72.3905
Henderson,United States,36.0133,-115.0381
Hereford,United Kingdom,52.056,-2.716
Hereford,United States,34.8225,-102.4001
Hernando,United States,34.85,-89.9921
Hobart,United States,41.514,-87.2729
Hoboken,Belgium,51.1667,4.3667
Hoboken,United States,40.7452,-74.0281
Horsham,Australia,-36.7167,142.2
Horsham,United Kingdom,51.062,-0.325
Horsham,United States,40.1993,-75.1665
Huntsville,Canada,45.3333,-79.2167
Huntsville,United States,34.6981,-86.6412
Ipswich,Australia,-27.6167,152.7667
Ipswich,United Kingdom,52.0594,1.1556
Ipswich,United States,42.6857,-70.8399
Irvine,United States,33.6772,-117.7738
Jamestown,United States,42.0976,-79.2367
Kelso,Australia,-33.4186,149.6056
Kelso,United States,46.1236,-122.8909
Kensington,United Kingdom,51.5,-0.19
Kensington,United States,41.6284,-72.7686
Kerman,Iran,30.2833,57.0833
Kerman,United States,36.7248,-120.0625
Kettering,United Kingdom,52.3931,-0.7229
Kettering,United States,39.6956,-84.1494
Kingston,Jamaica,17.9714,-76.7931
Kirkland,Canada,45.45,-73.8667
Kirkland,United States,47.697,-122.2057
La Mesa,Colombia,4.6303,-74.4625
La Mesa,United States,32.7703,-117.0204
La Palma,Colombia,5.3606,-74.3897
La Palma,Cuba,22.7472,-83.5525
La Palma,El Salvador,14.3167,-89.1667
La Palma,Panama,8.41,-78.15
La Plata,Argentina,-34.9211,-57.9544
Lancaster,United Kingdom,54.0489,-2.8014
Laredo,United States,27.5625,-99.4874
LaSalle,United States,41.3589,-89.0737
Laurel,Philippines,14.05,120.9
Laurel,United States,39.0949,-76.8622
Leeds,United Kingdom,53.8003,-1.5497
Leicester,United Kingdom,52.6344,-1.1319
Leominster,United Kingdom,52.2282,-2.7385
Leominster,United States,42.5209,-71.7717
Lima,Peru,-12.06,-77.0375
Limerick,United States,40.2323,-75.5344
Lincoln,Canada,43.13,-79.43
Lincoln,United Kingdom,53.2283,-0.5389
Lincoln,United States,40.8099,-96.6784
Linden,Guyana,6,-58.3
Linden,United States,40.6251,-74.2383
Lisbon,Portugal,38.7253,-9.15
Livingston,United States,40.7855,-74.3291
Lodi,Italy,45.3167,9.5
Lodi,United States,40.8784,-74.0814
London,United Kingdom,51.5072,-0.1275
London,United States,39.8935,-83.4375
Los Alamos,Chile,-37.6272,-73.4619
Los Alamos,United States,35.8927,-106.2862
Los Angeles,United States,34.1141,-118.4068
Los Banos,Philippines,14.1667,121.2167
Macon,France,46.3063,4.8313
Macon,United States,32.8065,-83.6974
Madera,Mexico,29.19,-108.1414
Madera,United States,36.963,-120.0778
Maitland,Australia,-32.7167,151.55
Maitland,United States,28.6295,-81.3718
Maltby,United Kingdom,53.426,-1.21
Maltby,United States,47.8027,-122.1044
Manchester,United Kingdom,53.4794,-2.2453
Mandeville,Jamaica,18.0333,-77.5
Mansfield,United Kingdom,53.1444,-1.1964
Mansfield,United States,40.7656,-82.5275
Mantua,Cuba,22.2908,-84.2875
Mapleton,Canada,43.7358,-80.6681
Mapleton,United States,40.1188,-111.5742
Margate,South Africa,-30.85,30.3667
Margate,United Kingdom,51.385,1.3838
Margate,United States,26.2466,-80.2119
Markham,Canada,43.8767,-79.2633
Markham,United States,41.6,-87.6904
Marple,United Kingdom,53.397,-2.061
Marple,United States,39.9654,-75.3657
Medina,Brazil,-16.2228,-41.4769
Medina,Colombia,4.5092,-73.3494
Medina,Philippines,8.9167,125.0167
Medina,Saudi Arabia,24.47,39.61
Melbourne,Australia,-37.8142,144.9631
Melbourne,United States,28.1086,-80.6627
Mercedes,Argentina,-34.65,-59.4333
Mercedes,Philippines,14.1093,123.0109
Mercedes,United States,26.1533,-97.9128
Mercedes,Uruguay,-33.25,-58.0333
Middleton,United Kingdom,53.555,-2.187
Middleton,United States,43.1064,-89.5059
Midland,Canada,44.75,-79.8833
Midland,United States,32.0243,-102.1147
Milton,Canada,43.5083,-79.8833
Milton,United Kingdom,53.05,-2.142
Milton,United States,34.1353,-84.3139
Minden,Germany,52.2883,8.9167
Minden,United States,32.6187,-93.2762
Miramar,Argentina,-38.2667,-57.8333
Miramar,Mexico,22.3375,-97.8694
Miramar,United States,25.9773,-80.3351
Mission,Canada,49.1337,-122.3112
Mission,United States,26.2039,-98.3256
Monmouth,United Kingdom,51.81,-2.72
Monmouth,United States,44.8505,-123.2284
Monrovia,Liberia,6.3133,-10.8014
Monrovia,United States,34.165,-117.9921
Montrose,United Kingdom,56.708,-2.467
Montrose,United States,38.4689,-107.859
Moscow,Russia,55.7558,37.6178
Munster,Germany,51.9625,7.6256
Munster,United States,41.5468,-87.504
Naples,Italy,40.8333,14.25
New Brighton,United Kingdom,53.432,-3.049
New Brighton,United States,45.0658,-93.206
Newcastle,Australia,-32.9167,151.75
Newcastle,South Africa,-27.7464,29.9328
Newcastle,United Kingdom,54.98,-1.61
Newcastle,United States,47.5304,-122.1633
Newman,Australia,-23.3539,119.7319
Newman,United States,37.3156,-121.0212
Newport,United Kingdom,51.5886,-2.9978
Newport,United States,39.0856,-84.4868
Newton,Sierra Leone,8.3333,-13.0667
Newton,United States,42.3316,-71.2085
Newtown,United Kingdom,52.5132,-3.3141
Newtown,United States,41.3988,-73.2927
Niagara Falls,Canada,43.06,-79.1067
Nogales,Mexico,31.1833,-111
Nogales,United States,31.3624,-110.9336
Northampton,United Kingdom,52.2304,-0.8938
Northampton,United States,40.2104,-75.0014
Northfield,United Kingdom,52.408,-1.963
Northfield,United States,44.455,-93.1698
Norton,United Kingdom,54.589,-1.3157
Norton,United States,41.964,-71.1842
Norton,Zimbabwe,-17.8833,30.7
Norwich,Canada,42.9833,-80.6
Norwich,United Kingdom,52.6286,1.2928
Norwich,United States,41.5495,-72.0882
Oakville,Canada,43.45,-79.6833
Oakville,United States,38.4479,-90.3199
Orange,United States,33.8038,-117.8218
Ottawa,Canada,45.4247,-75.695
Oviedo,Spain,43.36,-5.845
Oxford,United Kingdom,51.7519,-1.2578
Pace,France,48.1478,-1.7739
Pace,United States,30.6188,-87.1667
Palatka,Russia,60.1,150.9
Palatka,United States,29.6493,-81.6705
Panama City,Panama,8.9833,-79.5167
Paradise,Canada,47.5333,-52.8667
Paradise,United States,36.0872,-115.1355
Paris,France,48.8567,2.3522
Parma,Italy,44.8015,10.328
Parma,Russia,65.923,57.403
Parma,United States,41.3843,-81.7286
Pelham,Canada,43.0333,-79.3333
Pelham,United States,40.9,-73.8063
Pemberton,United Kingdom,53.536,-2.6738
Pemberton,United States,39.9562,-74.6
Pembroke,Canada,45.8167,-77.1
Pembroke,Malta,35.9264,14.4808
Pembroke,United States,42.0655,-70.8014
Plainview,Philippines,14.5777,121.0337
Plainview,United States,40.7832,-73.4732
Plumstead,United Kingdom,51.49,0.09
Plumstead,United States,40.3878,-75.1164
Plymouth,United Kingdom,50.3714,-4.1422
Plymouth,United States,45.0225,-93.4617
Portland,Australia,-38.3333,141.6
Portland,United States,45.5371,-122.65
Portsmouth,United Kingdom,50.8058,-1.0872
Portsmouth,United States,43.058,-70.7826
Potsdam,Germany,52.4,13.0667
Punta Gorda,Belize,16.1005,-88.8074
Punta Gorda,United States,26.8941,-82.0513
Queens,United States,40.7498,-73.7976
Queensbury,United Kingdom,53.7683,-1.8453
Queensbury,United States,43.3568,-73.6765
Ravenna,Italy,44.4161,12.2017
Ravenna,United States,41.1612,-81.2422
Reading,United Kingdom,51.4542,-0.9731
Reading,United States,40.34,-75.9267
Rehoboth,Namibia,-23.3167,17.0833
Rehoboth,United States,41.8439,-71.2456
Richmond,Australia,-33.5983,150.7511
Richmond,Canada,49.1667,-123.1333
Richmond,New Zealand,-41.3333,173.1833
Richmond,United Kingdom,51.456,-0.301
Richmond,United States,37.5295,-77.4756
Richmond Hill,Canada,43.8667,-79.4333
Richmond Hill,United States,31.9012,-81.3125
Ripon,United Kingdom,54.138,-1.524
Ripon,United States,37.7417,-121.131
Riverview,Canada,46.0613,-64.8052
Riverview,United States,27.8227,-82.3023
Rochester,United Kingdom,51.375,0.5
Rochester,United States,43.168,-77.6162
Rodeo,Argentina,-30.2164,-69.1394
Rodeo,United States,38.0367,-122.2526
Rolla,India,13.8331,77.1
Rolla,United States,37.9459,-91.7607
Rome,Italy,41.8931,12.4828
Rotterdam,Netherlands,51.9167,4.5
Rotterdam,United States,42.8133,-74.0129
Rutherford,Australia,-32.715,151.5317
Rutherford,United States,40.8203,-74.1057
Rye,United Kingdom,50.95,0.73
Rye,United States,41.0075,-73.6872
Sacramento,United States,38.5677,-121.4685
Salem,United States,44.9233,-123.0244
Salinas,Brazil,-16.1185,-42.174
Salinas,Ecuador,-2.2167,-80.9501
Salinas,United States,36.6883,-121.6317
Salinas,Uruguay,-34.7833,-55.8333
Salisbury,United Kingdom,51.07,-1.79
Salisbury,United States,38.3756,-75.5865
Salt Lake City,United States,40.7776,-111.9311
San Antonio,Chile,-33.5933,-71.6217
San Antonio,United States,29.4632,-98.5238
San Bernardino,United States,34.1416,-117.2943
San Buenaventura,Mexico,27.0625,-101.5467
San Buenaventura,United States,34.2741,-119.2314
San Carlos,Bolivia,-17.4044,-63.7325
San Carlos,Colombia,8.8006,-75.7022
San Carlos,Nicaragua,11.1236,-84.778
San Carlos,Philippines,10.4929,123.4095
San Carlos,United States,37.4982,-122.2677
San Carlos,Uruguay,-34.8,-54.9167
San Carlos,Venezuela,9.65,-68.5833
San Clemente,Chile,-35.55,-71.4833
San Clemente,Philippines,15.7119,120.3603
San Clemente,United States,33.4499,-117.6102
San Diego,Colombia,10.3375,-73.1825
San Diego,United States,32.8313,-117.1222
San Diego,Venezuela,10.2558,-67.9539
San Fernando,Chile,-34.5833,-70.9833
San Fernando,Colombia,9.2797,-74.5339
San Fernando,Mexico,24.8504,-98.16
San Fernando,Nicaragua,13.6767,-86.3144
San Fernando,Philippines,15.0333,120.6833
San Fernando,Spain,36.4667,-6.2
San Fernando,Trinidad and Tobago,10.2833,-61.4667
San Fernando,United States,34.2886,-118.4362
San Fernando,Venezuela,7.894,-67.473
San Francisco,United States,37.7558,-122.4449
San Gabriel,Ecuador,0.5983,-77.8353
San Gabriel,Philippines,16.6667,120.4
San Gabriel,United States,34.0949,-118.099
San Jacinto,Colombia,9.8311,-75.1219
San Jacinto,Guatemala,14.6667,-89.5
San Jacinto,Philippines,16.0725,120.4411
San Jacinto,United States,33.797,-116.9916
San Jose,Costa Rica,9.9325,-84.08
San Jose,United States,37.3012,-121.848
San Juan,Argentina,-31.5342,-68.5261
San Juan,Dominican Republic,18.81,-71.23
San Juan,Puerto Rico,18.3985,-66.061
San Juan,Trinidad and Tobago,10.65,-61.45
San Juan,United States,26.1903,-98.152
San Lorenzo,Argentina,-28.12,-58.77
San Lorenzo,Bolivia,-21.4167,-64.7494
San Lorenzo,Colombia,1.5039,-77.2178
San Lorenzo,El Salvador,14.0333,-89.7833
San Lorenzo,Honduras,13.4217,-87.4469
San Lorenzo,Nicaragua,12.3783,-85.6661
San Lorenzo,Paraguay,-25.34,-57.52
San Lorenzo,Puerto Rico,18.1875,-65.968
San Luis,Argentina,-33.3,-66.3333
San Luis,Cuba,20.1881,-75.8486
San Luis,Dominican Republic,18.55,-69.7
San Luis,Guatemala,16.2,-89.44
San Luis,Philippines,15.04,120.7919
San Luis,United States,32.4911,-114.7089
San Marcos,Colombia,8.6611,-75.1347
San Marcos,Costa Rica,10.6204,-84.512
San Marcos,Guatemala,14.9653,-91.7958
San Marcos,Honduras,14.4,-88.95
San Marcos,Nicaragua,11.9081,-86.2025
San Marino,San Marino,43.9346,12.4473
San Marino,United States,34.1224,-118.1132
San Mateo,Philippines,14.6969,121.1219
San Mateo,Venezuela,9.74,-64.5531
San Pablo,Chile,-40.4,-73.0167
San Pablo,Colombia,7.4825,-73.925
San Pablo,Costa Rica,9.9918,-84.0937
San Pablo,Philippines,14.07,121.325
San Rafael,Argentina,-34.6,-68.3333
San Rafael,Bolivia,-16.7795,-60.6799
San Rafael,Colombia,6.2975,-75.0314
San Rafael,Costa Rica,10.0417,-84.075
San Rafael,Honduras,14.7333,-88.4167
San Rafael,Mexico,20.1889,-96.8658
San Rafael,Philippines,14.95,120.9667
San Ramon,Bolivia,-13.2672,-64.6172
San Ramon,Chile,-33.5333,-70.6417
San Ramon,Costa Rica,10.2182,-84.5992
San Ramon,Nicaragua,12.9236,-85.8389
San Ramon,Peru,-11.1247,-75.3569
Sandy,United States,40.5709,-111.8506
Santa Ana,Colombia,9.319,-74.57
Santa Ana,Costa Rica,9.932,-84.176
Santa Ana,El Salvador,13.995,-89.5561
Santa Ana,Guatemala,16.8069,-89.8272
Santa Ana,Honduras,13.9333,-87.2667
Santa Ana,Mexico,30.5406,-111.1205
Santa Ana,Philippines,14.58,121.012
Santa Ana,United States,33.7367,-117.8819
Santa Ana,Venezuela,7.6453,-72.2758
Santa Barbara,Brazil,-19.9589,-43.415
Santa Barbara,Chile,-37.6706,-72.0214
Santa Barbara,Colombia,5.8747,-75.5661
Santa Barbara,Guatemala,15.3167,-91.6167
Santa Barbara,Honduras,14.9167,-88.2333
Santa Barbara,Mexico,26.8133,-105.8203
Santa Barbara,Philippines,16.0031,120.4008
Santa Barbara,United States,34.4285,-119.7202
Santa Barbara,Venezuela,9.6,-63.6
Santa Clara,Cuba,22.4069,-79.9649
Santa Clara,United States,37.3646,-121.968
Santa Cruz,Bolivia,-17.7892,-63.1975
Santa Cruz,Brazil,-6.2289,-36.0228
Santa Cruz,Chile,-34.6372,-71.3631
Santa Cruz,Costa Rica,10.2358,-85.6408
Santa Cruz,Ecuador,-0.5333,-90.35
Santa Cruz,Philippines,14.5998,120.9802
Santa Cruz,Portugal,32.6833,-16.8
Santa Cruz,Spain,28.4667,-16.25
Santa Cruz,Venezuela,10.1819,-67.5025
Santa Fe,Argentina,-31.6333,-60.7
Santa Fe,Brazil,-23.0378,-51.805
Santa Fe,Philippines,11.15,123.8
Santa Fe,United States,35.6619,-105.9819
Santa Maria,Argentina,-26.6833,-66.0333
Santa Maria,Brazil,-29.6833,-53.8
Santa Maria,Chile,-32.7469,-70.6597
Santa Maria,Colombia,2.95,-75.65
Santa Maria,El Salvador,13.35,-88.4333
Santa Maria,Philippines,14.8183,120.9563
Santa Maria,United States,34.9333,-120.4431
Santa Monica,Philippines,10.02,126.038
Santa Rosa,Argentina,-36.6167,-64.2833
Santa Rosa,Brazil,-27.8708,-54.4808
Santa Rosa,Colombia,10.4456,-75.3686
Santa Rosa,Ecuador,-3.4522,-79.9617
Santa Rosa,Paraguay,-26.8667,-56.85
Santa Rosa,Philippines,14.3167,121.1167
Sault Ste. Marie,Canada,46.5333,-84.35
Sault Ste. Marie,United States,46.4817,-84.3723
Scarborough,Trinidad and Tobago,11.1833,-60.7375
Scarborough,United Kingdom,54.2773,-0.4017
Scarborough,United States,43.5911,-70.3682
Scottsdale,Australia,-41.1667,147.5167
Scottsdale,United States,33.6872,-111.8651
Seaford,United Kingdom,50.77,0.1
Seaford,United States,40.6678,-73.4922
Severn,Canada,44.75,-79.5167
Severn,United States,39.1355,-76.6956
Seymour,Australia,-37.03,145.13
Seymour,United States,38.9476,-85.8911
Sheffield,United Kingdom,53.3808,-1.4703
Sheffield,United States,34.757,-87.6977
Shirley,United Kingdom,51.3813,-0.0543
Shirley,United States,40.7936,-72.8748
Shrewsbury,United Kingdom,52.708,-2.754
Shrewsbury,United States,42.2842,-71.7154
Sidney,Canada,48.6506,-123.3986
Sidney,United States,40.2891,-84.1667
Socorro,Brazil,-22.5908,-46.5289
Socorro,Colombia,6.5333,-73.2
Socorro,Philippines,13.0583,121.4117
Soledad,Colombia,10.9167,-74.75
Soledad,United States,36.4432,-121.3426
Somerville,United States,42.3908,-71.1014
Southampton,United Kingdom,50.9025,-1.4042
Southampton,United States,40.8997,-72.4931
Southborough,United Kingdom,51.1598,0.2652
Southborough,United States,42.3012,-71.5297
Southgate,United Kingdom,51.6316,-0.1265
Southgate,United States,42.2047,-83.2057
Southport,Australia,-27.9667,153.4
Southport,United Kingdom,53.6475,-3.0053
Southport,United States,42.04,-76.8775
Southwick,United Kingdom,50.836,-0.239
Southwick,United States,42.0544,-72.7785
Springfield,United States,42.1155,-72.5395
Springs,South Africa,-26.2547,28.4428
Springs,United States,41.0212,-72.1584
St. Andrews,Canada,50.27,-96.9747
St. Andrews,United States,34.051,-81.1057
Stafford,United Kingdom,52.807,-2.117
Stafford,United States,39.7049,-74.2643
Stamford,United Kingdom,52.656,-0.484
Stamford,United States,41.1039,-73.5585
Standish,United Kingdom,53.586,-2.664
Standish,United States,43.7811,-70.5684
Stratford,Canada,43.3708,-80.9819
Stratford,New Zealand,-39.3333,174.2833
Stratford,United Kingdom,51.5423,-0.0026
Stratford,United States,41.207,-73.1305
Stroud,United Kingdom,51.744,-2.215
Stroud,United States,41.0001,-75.2173
Sudbury,Canada,46.49,-81.01
Sudbury,United Kingdom,51.5537,-0.3199
Sudbury,United States,42.3847,-71.4234
Sunbury,Australia,-37.5811,144.7139
Sunbury,United Kingdom,51.423,-0.424
Sunbury,United States,40.8616,-76.7871
Sutton,United Kingdom,51.3656,-0.1963
Sutton,United States,42.1337,-71.7503
Taft,Iran,31.7492,54.2103
Taft,Philippines,11.9058,125.4181
Taft,United States,35.1268,-119.4243
Taunton,United Kingdom,51.019,-3.1
Taunton,United States,41.9036,-71.0943
Tavares,Brazil,-7.6358,-37.8778
Tavares,United States,28.792,-81.7352
Tecumseh,Canada,42.2431,-82.9256
Tecumseh,United States,42.0066,-83.945
Tiverton,United Kingdom,50.903,-3.488
Tiverton,United States,41.609,-71.1741
Toledo,Brazil,-24.7139,-53.7428
Toledo,Colombia,7.3131,-72.4875
Toledo,Philippines,10.3833,123.65
Toledo,Spain,39.8567,-4.0244
Toledo,United States,41.6638,-83.5827
Uxbridge,Canada,44.1167,-79.1333
Uxbridge,United Kingdom,51.5404,-0.4778
Uxbridge,United States,42.0593,-71.638
Valparaiso,Brazil,-21.2278,-50.8678
Valparaiso,Chile,-33.0461,-71.6197
Valparaiso,United States,41.4783,-87.0506
Vancouver,Canada,49.25,-123.1
Vancouver,United States,45.6366,-122.5967
Venice,Italy,45.4397,12.3319
Venice,United States,27.1184,-82.4137
Vernon,Canada,50.267,-119.272
Vernon,France,49.09,1.49
Vernon,United States,41.8364,-72.4606
Verona,Italy,45.4386,10.9928
Verona,United States,40.8323,-74.2431
Versailles,France,48.8053,2.135
Versailles,United States,38.0486,-84.7258
Victoria,Canada,48.4283,-123.3647
Victoria,Malta,36.0436,14.2431
Victoria,Philippines,15.5781,120.6819
Vienna,Austria,48.2083,16.3725
Villa Rica,Colombia,2.5167,-76.85
Villa Rica,United States,33.7294,-84.9177
Vincennes,France,48.8478,2.4392
Vincennes,United States,38.6759,-87.5102
Wakefield,United Kingdom,53.68,-1.49
Wakefield,United States,42.5035,-71.0656
Wallingford,United Kingdom,51.599,-1.125
Wallingford,United States,41.4589,-72.8038
Wallington,United Kingdom,51.3647,-0.1403
Wallington,United States,40.8536,-74.1069
Wantage,United Kingdom,51.589,-1.427
Wantage,United States,41.2431,-74.6258
Warminster,United Kingdom,51.205,-2.181
Warminster,United States,40.2043,-75.0915
Warrenton,South Africa,-28.1114,24.8497
Warrenton,United States,38.7176,-77.7976
Warrington,United Kingdom,53.39,-2.59
Warrington,United States,40.2489,-75.158
Warsaw,Poland,52.23,21.0111
Warsaw,United States,41.2448,-85.8465
Warwick,Australia,-28.2152,152.0352
Warwick,United Kingdom,52.28,-1.59
Warwick,United States,41.7062,-71.4334
Washington,United Kingdom,54.9,-1.52
Washington,United States,38.9047,-77.0163
Waterford,Ireland,52.2567,-7.1292
Waterford,United States,41.3692,-72.1483
Waterloo,Belgium,50.7167,4.3833
Waterloo,Canada,43.4667,-80.5167
Wellesley,Canada,43.55,-80.7167
Wellesley,United States,42.3043,-71.2855
Wellington,India,11.3655,76.7844
Wells,United Kingdom,51.2094,-2.645
Wells,United States,43.3267,-70.6336
Westbury,United Kingdom,51.26,-2.191
Westbury,United States,40.7599,-73.5891
Westminster,United Kingdom,51.4947,-0.1353
Westminster,United States,39.8837,-105.0624
Weston,United Kingdom,53.413,-2.798
Weston,United States,26.1006,-80.4054
Westport,New Zealand,-41.7581,171.6022
Westport,United States,41.1428,-73.3475
Weymouth,United Kingdom,50.613,-2.457
Weymouth,United States,42.1981,-70.9466
Winchester,United Kingdom,51.0632,-1.308
Winchester,United States,36.1365,-115.137
Windsor,Canada,42.2833,-83
Windsor,United Kingdom,51.4791,-0.6095
Windsor,United States,40.469,-104.9198
Winton,Australia,-22.3913,143.0381
Winton,United States,37.3854,-120.6173
Woodstock,Canada,43.1306,-80.7467
Woodstock,United States,34.1026,-84.5091
Woolwich,Canada,43.5667,-80.4833
Woolwich,United Kingdom,51.488,0.063
Woolwich,United States,39.74,-75.317
Worcester,South Africa,-33.645,19.4436
Worcester,United Kingdom,52.1911,-2.2206
Worcester,United States,42.2705,-71.8079
Worth,United Kingdom,51.113,-0.147
Worth,United States,41.6877,-87.7916
Wyndham,Australia,-15.4825,128.123
Wyndham,United States,37.6924,-77.6123
Yeadon,United Kingdom,53.869,-1.688
Yeadon,United States,39.9325,-75.2527
York,United Kingdom,53.9601,-1.078
York,United States,39.9651,-76.7315
Adra,India,23.5,86.67
Adra,Spain,36.7478,-3.0161
Aguilar,Philippines,15.8899,120.2379
Aguilar,Spain,37.5167,-4.65
Aguilares,Argentina,-27.4333,-65.6167
Aguilares,El Salvador,13.95,-89.1833
Ain Beida,Algeria,35.7964,7.3928
Ain Beida,Morocco,31.585,-8.608
Airdrie,Canada,51.2917,-114.0144
Airdrie,United Kingdom,55.86,-3.98
Akora,India,26.4721,78.7989
Akora,Pakistan,33.9925,72.145
Aksay,Kazakhstan,51.1678,52.995
Aksay,Russia,47.25,39.8667
Al `Aziziyah,Iraq,32.9083,45.0667
Al `Aziziyah,Libya,32.5308,13.0211
Al Bayda',Libya,32.7664,21.7417
Al Bayda',Yemen,13.979,45.574
Al Hillah,Iraq,32.4833,44.4333
Al Hillah,Saudi Arabia,23.4895,46.7564
Al Karak,Jordan,31.1833,35.7
Al Karak,Syria,32.6872,36.3508
Al Malikiyah,Bahrain,26.1008,50.4878
Al Malikiyah,Syria,37.1667,42.1333
Al Mansurah,Egypt,31.05,31.3833
Al Mansurah,Yemen,12.8531,44.9722
Alcala,Colombia,4.6667,-75.75
Alcala,Philippines,15.8468,120.5218
Alcantara,Brazil,-2.4089,-44.415
Alcantara,Philippines,12.2584,122.0543
Alcobaca,Brazil,-17.5189,-39.1958
Alcobaca,Portugal,39.5528,-8.9778
Alcoy,Philippines,9.7082,123.506
Alcoy,Spain,38.6983,-0.4736
Alegria,El Salvador,13.5,-88.4833
Alegria,Philippines,9.7243,123.3402
Alenquer,Brazil,-1.9419,-54.7378
Alenquer,Portugal,39.05,-9.0167
Algarrobo,Chile,-33.3911,-71.6928
Algarrobo,Colombia,10.1,-74.2667
Algeciras,Colombia,2.5333,-75.3167
Algeciras,Spain,36.1275,-5.4539
Aliaga,Philippines,15.5036,120.845
Aliaga,Turkey,38.8008,26.9728
Almagro,Philippines,11.9108,124.2852
Almagro,Spain,38.8878,-3.7122
Almeirim,Brazil,-1.5228,-52.5819
Almeirim,Portugal,39.2,-8.6167
Almeria,Philippines,11.6206,124.3794
Almeria,Spain,36.8403,-2.4681
Alta,Norway,69.9689,23.2716
Alta,Sweden,59.25,18.1833
Altamira,Brazil,-3.2028,-52.2058
Altamira,Dominican Republic,19.6667,-70.8333
Altamira,Mexico,22.3375,-97.8694
Altay,China,47.8666,88.1166
Altay,Mongolia,46.3728,96.2572
Altdorf,Germany,48.5667,12.1167
Altdorf,Switzerland,46.8667,8.6333
Altos,Brazil,-5.0389,-42.4608
Altos,Paraguay,-25.2333,-57.25
Alvarado,Colombia,4.5667,-74.95
Alvarado,Mexico,18.7811,-95.7572
Amarante,Brazil,-6.2408,-42.855
Amarante,Portugal,41.2667,-8.0667
Ambato,Ecuador,-1.2417,-78.6197
Ambato,Madagascar,-18.6,47.5
Amersfoort,Netherlands,52.15,5.3833
Amersfoort,South Africa,-27.0078,29.8711
Anadia,Brazil,-9.6844,-36.3042
Anadia,Portugal,40.4333,-8.4333
Anda,China,46.4078,125.3252
Anda,Philippines,16.2896,119.9491
Anori,Brazil,-3.7728,-61.6442
Anori,Colombia,7.0736,-75.1458
Antequera,Philippines,9.7812,123.8975
Antequera,Spain,37.0183,-4.5597
Apia,Colombia,5.1,-75.95
Apia,Samoa,-13.8333,-171.75
Arad,Israel,31.25,35.2167
Arad,Romania,46.175,21.3125
Aral,China,40.548,81.281
Aral,Kazakhstan,46.7833,61.6667
Ararat,Armenia,39.8303,44.7025
Ararat,Australia,-37.2833,142.9167
Armavir,Armenia,40.15,44.04
Armavir,Russia,45,41.1167
Armenia,Colombia,4.53,-75.68
Armenia,El Salvador,13.75,-89.5
Arona,Italy,45.7569,8.56
Arona,Spain,28.0996,-16.6809
Arouca,Portugal,40.9338,-8.2449
Arouca,Trinidad and Tobago,10.6333,-61.3333
Arroyito,Argentina,-31.4167,-63.05
Arroyito,Paraguay,-23.1733,-56.7747
Arta,Djibouti,11.5236,42.8472
Arta,Greece,39.165,20.9875
As,Czechia,50.2239,12.195
As,Norway,59.6603,10.7836
Asadabad,Afghanistan,34.8742,71.1528
Asadabad,Iran,34.7825,48.1186
Asaka,Japan,35.7972,139.5939
Asaka,Uzbekistan,40.6333,72.2333
Ascension,Bolivia,-15.6996,-63.08
Ascension,Mexico,31.0928,-107.9964
Ashton,New Zealand,-44.0333,171.7667
Ashton,United Kingdom,53.4897,-2.0952
Astorga,Brazil,-23.2328,-51.6658
Astorga,Spain,42.4589,-6.0633
Atherton,Australia,-17.2658,145.478
Atherton,United Kingdom,53.523,-2.495
Aveiro,Brazil,-3.6058,-55.3319
Aveiro,Portugal,40.6333,-8.65
Ayacucho,Argentina,-37.1333,-58.4667
Ayacucho,Peru,-13.1631,-74.2244
Ayas,India,24.2508,87.7784
Ayas,Turkey,40.0172,32.3483
Ayr,Australia,-19.5744,147.4066
Ayr,United Kingdom,55.458,-4.629
Baden,Austria,48.0075,16.2344
Baden,Switzerland,47.4667,8.3
Bago,Myanmar,17.3333,96.4833
Bago,Philippines,10.5388,122.8384
Baiao,Brazil,-2.7908,-49.6719
Baiao,Portugal,41.1667,-8.0333
Banga,Angola,-8.7333,15.1667
Banga,India,31.1887,75.9949
Banga,Philippines,6.3,124.7833
Bangar,Brunei,4.7086,115.0739
Bangar,Philippines,16.9,120.4167
Bangui,Central African Republic,4.3733,18.5628
Bangui,Philippines,18.5378,120.7653
Bani,Dominican Republic,18.29,-70.33
Bani,Philippines,16.1869,119.8592
Banqiao,China,35.8912,107.9655
Banqiao,Taiwan,25.0143,121.4672
Baoshan,China,25.1211,99.169
Baoshan,Taiwan,24.7428,120.9991
Bar,Montenegro,42.1,19.1
Bar,Ukraine,49.0781,27.6831
Barah,India,25.3885,85.4912
Barah,Syria,35.683,36.533
Barbacoas,Colombia,1.6717,-78.1397
Barbacoas,Venezuela,9.4833,-66.9761
Barcelona,Philippines,12.8694,124.1419
Barcelona,Spain,41.3825,2.1769
Barcelona,Venezuela,10.1333,-64.6833
Barcelos,Brazil,-0.975,-62.9239
Barcelos,Portugal,41.5167,-8.6167
Bari,India,25.8769,86.1918
Bari,Italy,41.1253,16.8667
Batalha,Brazil,-4.0239,-42.0778
Batalha,Portugal,39.65,-8.8
Batan,Argentina,-38.0078,-57.7097
Batan,Costa Rica,10.1041,-83.3529
Batan,Philippines,11.5853,122.4981
Bathurst,Australia,-33.42,149.5778
Bathurst,Canada,47.62,-65.65
Bayeux,Brazil,-7.1333,-34.9333
Bayeux,France,49.2786,-0.7039
Beaconsfield,Canada,45.4333,-73.8667
Beaconsfield,United Kingdom,51.6009,-0.6347
Beja,Portugal,38.0333,-7.8833
Beja,Tunisia,36.7333,9.1833
Belas,Angola,-8.9983,13.265
Belas,Portugal,38.7754,-9.2716
Belen,Argentina,-27.65,-67.0333
Belen,Nicaragua,11.5028,-85.8889
Belen,Paraguay,-23.466,-57.262
Belen,Turkey,36.4889,36.1944
Bellavista,Chile,-34.9333,-71.3167
Bellavista,Colombia,6.5236,-76.9744
Bellavista,Peru,-7.0668,-76.5847
Beloeil,Belgium,50.5333,3.7167
Beloeil,Canada,45.5667,-73.2
Benavente,Portugal,38.9667,-8.8
Benavente,Spain,42.0031,-5.6742
Benito Juarez,Argentina,-37.6667,-59.7833
Benito Juarez,Mexico,20.8833,-98.2
Bergen,Germany,54.4167,13.4333
Bergen,Netherlands,52.6667,4.7167
Bergen,Norway,60.3894,5.33
Betania,Brazil,-8.2767,-38.0339
Betania,Colombia,5.75,-75.9667
Betanzos,Bolivia,-19.5533,-65.4536
Betanzos,Spain,43.2792,-8.2106
Bharatpur,India,27.22,77.48
Bharatpur,Nepal,27.6833,84.4333
Bina,Azerbaijan,40.4539,50.0764
Bina,India,26.0792,86.6326
Bo,Sierra Leone,7.9564,-11.74
Bo,Vietnam,20.6736,105.5311
Bocholt,Belgium,51.1722,5.5794
Bocholt,Germany,51.8333,6.6167
Bogo,Cameroon,10.7361,14.6108
Bogo,Philippines,11.0167,124
Bor,Russia,56.35,44.0833
Bor,Serbia,44.1303,22.1036
Bor,South Sudan,6.2125,31.5608
Bor,Turkey,37.8833,34.5667
Borna,Germany,51.1167,12.5
Borna,India,25.4373,86.6172
Borne,India,25.5431,86.6999
Borne,Netherlands,52.3,6.75
Boyarka,Russia,70.767,97.5
Boyarka,Ukraine,50.3292,30.2886
Braganca,Brazil,-1.0628,-46.7728
Braganca,Portugal,41.8067,-6.7589
Brest,Belarus,52.1347,23.6569
Brest,France,48.39,-4.49
Bruges,Belgium,51.2089,3.2242
Bruges,France,44.8828,-0.6125
Buenavista,Colombia,8.2233,-75.4817
Buenavista,Philippines,8.9744,125.409
Buenos Aires,Argentina,-34.5997,-58.3819
Buenos Aires,Brazil,-7.7258,-35.3269
Buenos Aires,Colombia,2.9167,-76.6667
Buenos Aires,Costa Rica,9.1985,-83.2816
Burgdorf,Germany,52.45,10.0083
Burgdorf,Switzerland,47.05,7.6167
Burgos,Philippines,17.0667,121.7
Burgos,Spain,42.3408,-3.6997
Busia,Kenya,0.4633,34.1053
Busia,Uganda,0.4669,34.09
Caceres,Brazil,-16.0711,-57.6789
Caceres,Colombia,7.6667,-75.3333
Caceres,Spain,39.4833,-6.3667
Cadiz,Philippines,10.95,123.3
Cadiz,Spain,36.535,-6.2975
Caimito,Colombia,8.8333,-75.1667
Caimito,Cuba,22.9575,-82.5964
Cajamarca,Colombia,4.4167,-75.5
Cajamarca,Peru,-7.1667,-78.5167
Calarasi,Moldova,47.25,28.3
Calarasi,Romania,44.2,27.3333
Calatrava,Equatorial Guinea,1.1164,9.4186
Calatrava,Philippines,10.6,123.4833
Caldas,Brazil,-21.9239,-46.3858
Caldas,Colombia,6.09,-75.638
Caledon,Canada,43.8667,-79.8667
Caledon,South Africa,-34.23,19.4283
Camargo,Bolivia,-20.6403,-65.2103
Camargo,Mexico,27.667,-105.167
Campamento,Colombia,6.9789,-75.2964
Campamento,Honduras,14.55,-86.65
Campo Largo,Argentina,-26.8,-60.8333
Campo Largo,Brazil,-25.4589,-49.5278
Candelaria,Brazil,-29.6689,-52.7889
Candelaria,Colombia,3.4,-76.3833
Candelaria,Cuba,22.7439,-82.9581
Candelaria,El Salvador,13.75,-88.95
Candelaria,Mexico,18.1835,-91.0463
Candelaria,Philippines,13.9311,121.4233
Candelaria,Puerto Rico,18.4042,-66.2175
Candelaria,Spain,28.3547,-16.371
Canoas,Brazil,-29.92,-51.18
Canoas,Costa Rica,8.5333,-82.8333
Cantanhede,Brazil,-3.6328,-44.3769
Cantanhede,Portugal,40.3462,-8.5941
Cardenas,Cuba,23.0428,-81.2036
Cardenas,Mexico,22.0103,-99.6522
Carmen,Mexico,18.4167,-91.6333
Carmen,Philippines,7.2,124.7833
Carmona,Philippines,14.3167,121.05
Carmona,Spain,37.4667,-5.6333
Carnarvon,Australia,-24.8672,113.6611
Carnarvon,South Africa,-30.9667,22.1333
Cartagena,Chile,-33.5425,-71.5958
Cartagena,Colombia,10.4,-75.5
Cartagena,Spain,37.6,-0.9819
Cartago,Colombia,4.7,-75.9167
Cartago,Costa Rica,9.8667,-83.9167
Casablanca,Chile,-33.3167,-71.4167
Casablanca,Morocco,33.5333,-7.5833
Castro,Brazil,-24.7908,-50.0119
Castro,Chile,-42.4667,-73.8
Cavaillon,France,43.8375,5.0381
Cavaillon,Haiti,18.3,-73.65
Cerro Azul,Brazil,-24.8239,-49.2608
Cerro Azul,Mexico,21.2,-97.7331
Chambly,Canada,45.4311,-73.2873
Chambly,France,49.1667,2.2481
Changzhi,China,36.1953,113.097
Changzhi,Taiwan,22.6833,120.5333
Chaozhou,China,23.67,116.63
Chaozhou,Taiwan,22.55,120.5333
Chaves,Brazil,-0.16,-49.9878
Chaves,Portugal,41.7406,-7.4714
Cheran,India,25.361,85.5421
Cheran,Mexico,19.6833,-101.95
Chita,Colombia,6.1667,-72.4167
Chita,Japan,35,136.8667
Chita,Russia,52.0333,113.5
Christchurch,New Zealand,-43.531,172.6365
Christchurch,United Kingdom,50.73,-1.78
Chuy,Kyrgyzstan,42.81,75.28
Chuy,Uruguay,-33.6964,-53.46
Ciudad Bolivar,Colombia,5.85,-76.0333
Ciudad Bolivar,Venezuela,8.1219,-63.55
Coatepeque,El Salvador,13.9167,-89.5
Coatepeque,Guatemala,14.7,-91.8667
Cochrane,Canada,51.189,-114.467
Cochrane,Chile,-47.2547,-72.575
Colina,Brazil,-20.7136,-48.5411
Colina,Chile,-33.2017,-70.6703
Colombo,Brazil,-25.2919,-49.2239
Colombo,Sri Lanka,6.9344,79.8428
Colon,Argentina,-33.8833,-61.1
Colon,Costa Rica,9.9096,-84.262
Colon,Cuba,22.7225,-80.9067
Colon,El Salvador,13.7167,-89.3667
Colon,Panama,9.3572,-79.8986
Colon,Venezuela,8.0378,-72.2519
Comalapa,Mexico,15.6602,-92.1411
Comalapa,Nicaragua,12.2842,-85.5106
Comapa,Guatemala,14.1114,-89.7497
Comapa,Mexico,19.1667,-96.8666
Compostela,Mexico,21.2389,-104.9
Compostela,Philippines,7.6667,126.0833
Concepcion,Argentina,-27.3333,-65.5833
Concepcion,Chile,-36.8282,-73.0514
Concepcion,Paraguay,-23.4,-57.43
Concepcion,Peru,-11.9185,-75.3129
Concepcion,Philippines,15.3249,120.6554
Concordia,Argentina,-31.4,-58.0333
Concordia,Brazil,-27.2339,-52.0278
Concordia,Colombia,6.049,-75.909
Cordoba,Argentina,-31.4167,-64.1833
Cordoba,Colombia,0.855,-77.5211
Cordoba,Mexico,18.8942,-96.9347
Cordoba,Spain,37.8845,-4.7796
Corinto,Brazil,-18.3808,-44.4558
Corinto,Colombia,3.1739,-76.2594
Corinto,El Salvador,13.8167,-87.9667
Corinto,Nicaragua,12.4819,-87.1742
Corozal,Belize,18.4,-88.4
Corozal,Colombia,9.3333,-75.25
Corozal,Puerto Rico,18.341,-66.3124
Cortes,Brazil,-8.47,-35.5436
Cortes,Philippines,9.7167,123.8833
Costesti,Moldova,46.8678,28.7689
Costesti,Romania,44.6697,24.88
Cuenca,Ecuador,-2.8974,-79.0045
Cuenca,Philippines,13.9167,121.05
Cuenca,Spain,40.0667,-2.15
Dacun,China,34.7201,109.0549
Dacun,Taiwan,23.9911,120.5394
Dala,Angola,-11.0342,20.2036
Dala,India,30.7773,75.2494
Dali,China,25.6808,100.3003
Dali,Cyprus,35.0211,33.42
Damme,Belgium,51.25,3.2833
Damme,Germany,52.5208,8.1986
Dara,India,26.1546,86.4483
Dara,Senegal,15.35,-15.6
Dehqonobod,Tajikistan,37.6333,69.45
Dehqonobod,Uzbekistan,40.5314,69.0342
Deurne,Belgium,51.2247,4.4625
Deurne,Netherlands,51.4667,5.8
Dhaka,Bangladesh,23.7639,90.3889
Dhaka,India,26.72,85.33
Dieppe,Canada,46.0989,-64.7242
Dieppe,France,49.92,1.08
Dimitrovgrad,Bulgaria,42.05,25.6
Dimitrovgrad,Russia,54.1833,49.5833
Dimitrovgrad,Serbia,43.0167,22.7833
Dingle,Philippines,11.05,122.6667
Dingle,United Kingdom,53.3774,-2.9613
Dolores,Argentina,-36.3167,-57.6667
Dolores,Guatemala,16.5142,-89.4158
Dolores,Philippines,12.0378,125.4828
Dolores,Uruguay,-33.5333,-58.2167
Don Bosco,Argentina,-34.7,-58.2833
Don Bosco,Philippines,14.4817,121.0258
Dondo,Angola,-9.6942,14.4228
Dondo,Mozambique,-19.6167,34.75
Donetsk,Russia,48.3333,39.9333
Donetsk,Ukraine,48.0028,37.8053
Dongshan,China,22.0635,112.8322
Dongshan,Taiwan,24.6319,121.7539
Dundee,South Africa,-28.1725,30.2314
Dundee,United Kingdom,56.462,-2.9707
Ede,Netherlands,52.05,5.6667
Ede,Nigeria,7.7389,4.4361
Edmonton,Canada,53.5344,-113.4903
Edmonton,United Kingdom,51.6154,-0.0708
El Bosque,Chile,-33.5667,-70.675
El Bosque,Mexico,17.0333,-92.75
El Carmen,Colombia,8.5128,-73.4508
El Carmen,El Salvador,13.7167,-88.9
El Palmar,Guatemala,14.65,-91.5833
El Palmar,Venezuela,8.0244,-61.8819
El Paraiso,El Salvador,14.0833,-89.0833
El Paraiso,Honduras,15.0167,-88.9833
El Progreso,Guatemala,14.35,-89.85
El Progreso,Honduras,15.4,-87.8
El Rosario,El Salvador,13.5,-89.0333
El Rosario,Mexico,22.9922,-105.8572
Eldorado,Argentina,-26.4,-54.6333
Eldorado,Brazil,-24.52,-48.1081
Emmen,Netherlands,52.7833,6.9
Emmen,Switzerland,47.0833,8.3
Ensenada,Argentina,-34.8644,-57.9103
Ensenada,Mexico,31.8578,-116.6058
Entre Rios,Bolivia,-21.5264,-64.1733
Entre Rios,Brazil,-11.9419,-38.0839
Epe,Netherlands,52.35,5.9833
Epe,Nigeria,6.5573,3.9912
Escuintla,Guatemala,14.2978,-90.7869
Escuintla,Mexico,15.3193,-92.6586
Esmeraldas,Brazil,-19.7628,-44.3139
Esmeraldas,Ecuador,0.9667,-79.6528
Esperanza,Argentina,-31.4167,-60.9333
Esperanza,Cuba,22.4472,-80.0966
Esperanza,Dominican Republic,19.58,-70.99
Esperanza,Mexico,27.58,-109.9298
Esperanza,Philippines,6.7167,124.5167
Esquipulas,Guatemala,14.6167,-89.2
Esquipulas,Nicaragua,12.6639,-85.7881
Essen,Belgium,51.4667,4.4667
Essen,Germany,51.4508,7.0131
Estancia,Brazil,-11.2678,-37.4378
Estancia,Philippines,11.45,123.15
Exmouth,Australia,-21.9331,114.1281
Exmouth,United Kingdom,50.62,-3.413
Fatima,Brazil,-10.6,-38.2169
Fatima,Portugal,39.6255,-8.6659
Filadelfia,Brazil,-10.7408,-40.1328
Filadelfia,Colombia,5.3,-75.6
Filadelfia,Paraguay,-22.34,-60.03
Florencia,Colombia,1.6139,-75.6128
Florencia,Costa Rica,10.3665,-84.4814
Florencia,Cuba,22.1475,-78.9669
Flores,Brazil,-7.8658,-37.975
Flores,Guatemala,16.9333,-89.8833
Floresti,Moldova,47.8933,28.3014
Floresti,Romania,46.7475,23.4908
Florida,Argentina,-34.5167,-58.5
Florida,Chile,-36.8167,-72.6667
Florida,Colombia,3.3275,-76.2386
Florida,Cuba,21.5294,-78.2228
Florida,Puerto Rico,18.3643,-66.5611
Florida,Uruguay,-34.1,-56.2167
Floridablanca,Colombia,7.2167,-73.0667
Floridablanca,Philippines,14.9333,120.5
Foca,Bosnia and Herzegovina,43.5,18.7833
Foca,Turkey,38.6667,26.7667
Formosa,Argentina,-26.1833,-58.1833
Formosa,Brazil,-15.5369,-47.3339
Frontera,Argentina,-31.4278,-62.0619
Frontera,Mexico,26.926,-101.449
Fundao,Brazil,-19.9328,-40.4069
Fundao,Portugal,40.1333,-7.5
Fyzabad,India,26.773,82.146
Fyzabad,Trinidad and Tobago,10.1833,-61.55
Gallipoli,Italy,40.0556,17.9917
Gallipoli,Turkey,40.4139,26.6703
Gaya,India,24.75,85.01
Gaya,Niger,11.8878,3.4467
George Town,Cayman Islands,19.2866,-81.3744
George Town,Malaysia,5.4144,100.3292
Getafe,Philippines,10.15,124.15
Getafe,Spain,40.3047,-3.7311
Gisborne,Australia,-37.49,144.5889
Gisborne,New Zealand,-38.6625,178.0178
Gloria,Brazil,-9.3389,-38.2569
Gloria,Philippines,12.9722,121.4778
Gombe,Nigeria,10.2904,11.17
Gombe,Uganda,0.1811,32.1142
Gondomar,Portugal,41.15,-8.5333
Gondomar,Spain,42.1111,-8.7611
Gonzaga,Italy,44.95,10.8167
Gonzaga,Philippines,18.2614,121.9969
Gopalpur,Bangladesh,24.5583,89.9167
Gopalpur,India,26.1317,84.3594
Granada,Colombia,6.147,-75.188
Granada,Nicaragua,11.9347,-85.9589
Granada,Spain,37.1781,-3.6008
Grimsby,Canada,43.2,-79.55
Grimsby,United Kingdom,53.5675,-0.08
Groningen,Netherlands,53.2167,6.5667
Groningen,Suriname,5.8,-55.4667
Guadalajara,Mexico,20.6767,-103.3475
Guadalajara,Spain,40.6337,-3.1674
Guadalupe,Brazil,-6.7869,-43.5689
Guadalupe,Colombia,2.025,-75.7572
Guadalupe,Costa Rica,9.9494,-84.0512
Guadalupe,Mexico,25.6775,-100.2597
Guadalupe,Sao Tome and Principe,0.38,6.6381
Guaranda,Colombia,8.4672,-74.5367
Guaranda,Ecuador,-1.6,-79
Guimaraes,Brazil,-2.1328,-44.6008
Guimaraes,Portugal,41.45,-8.3
Haaren,Germany,50.7956,6.1269
Haaren,Netherlands,51.6,5.2333
Halifax,Canada,44.6475,-63.5906
Halifax,United Kingdom,53.725,-1.863
Halle,Belgium,50.7361,4.2372
Halle,Germany,51.4828,11.9697
Hangu,China,39.232,117.777
Hangu,Pakistan,33.5333,71.0667
Haren,Germany,52.7667,7.2167
Haren,Netherlands,53.1667,6.6
Haripur,India,26.258,87.242
Haripur,Pakistan,33.9942,72.9333
Hernani,Philippines,11.3239,125.6181
Hernani,Spain,43.2667,-1.9667
Heusden,Belgium,51.0281,3.8
Heusden,Netherlands,51.6998,5.166
Ilam,Iran,33.6374,46.4227
Ilam,Nepal,26.908,87.926
Ina,Benin,9.9833,2.7167
Ina,Japan,35.8275,137.954
Inverness,Canada,46.2,-61.1
Inverness,United Kingdom,57.4778,-4.2247
Inza,Colombia,2.55,-76.0667
Inza,Russia,53.85,46.35
Isabela,Philippines,10.2,122.9833
Isabela,Puerto Rico,18.4991,-67.022
Islamabad,India,33.73,75.15
Islamabad,Pakistan,33.6931,73.0639
Jaen,Peru,-5.7083,-78.8083
Jaen,Philippines,15.3392,120.9069
Jaen,Spain,37.7667,-3.7711
Jagatpur,Bangladesh,23.6048,90.7628
Jagatpur,India,26.3738,86.0509
Jalalabad,Afghanistan,34.4342,70.4478
Jalalabad,Pakistan,35.88,74.493
Jalapa,Guatemala,14.6379,-89.9904
Jalapa,Mexico,17.7,-92.8
Jalapa,Nicaragua,13.9222,-86.1253
Jamalpur,Bangladesh,24.9004,89.95
Jamalpur,India,25.3,86.5
Jesenice,Czechia,49.9683,14.5136
Jesenice,Slovenia,46.4366,14.0602
Jesus Maria,Argentina,-30.9833,-64.1
Jesus Maria,Mexico,21.9667,-102.35
Ji'an,China,27.1172,114.9793
Ji'an,Taiwan,23.95,121.5722
Jimenez,Costa Rica,10.1797,-83.7382
Jimenez,Mexico,27.13,-104.9067
Jimenez,Philippines,8.3333,123.8333
Jincheng,China,35.4906,112.8483
Jincheng,Taiwan,24.4167,118.3167
Jitpur,India,26.8149,84.9578
Jitpur,Nepal,27.6666,85.3333
Junin,Argentina,-34.5833,-60.95
Junin,Colombia,4.7903,-73.8136
Junin,Peru,-11.15,-75.9833
Kadoma,Japan,34.7333,135.5833
Kadoma,Zimbabwe,-18.34,29.9
Kandi,Benin,11.1286,2.9369
Kandi,India,23.9595,88.0402
Kasama,Japan,36.3452,140.3043
Kasama,Zambia,-10.2117,31.1783
Kathu,South Africa,-27.7,23.05
Kathu,Thailand,7.9112,98.3475
Kawara,Japan,33.668,130.8473
Kawara,Niger,14.0706,5.6715
Kayes,Congo (Brazzaville),-4.1681,13.2939
Kayes,Mali,14.45,-11.4167
Kazo,Japan,36.1314,139.6018
Kazo,Uganda,-0.0528,30.7569
Khanpur,India,25.8572,85.933
Khanpur,Pakistan,28.6453,70.6567
Kirovsk,Russia,67.6167,33.65
Kirovsk,Ukraine,48.6333,38.65
Kochi,India,9.97,76.28
Kochi,Japan,33.5589,133.5314
Kola,India,22.43,87.87
Kola,Russia,68.8833,33.0833
Korba,India,22.35,82.68
Korba,Tunisia,36.5667,10.8667
Kota,India,25.18,75.83
Kota,Japan,34.8645,137.1658
Krasnyy Yar,Kazakhstan,53.3239,69.2525
Krasnyy Yar,Russia,46.5331,48.3456
Kratovo,Macedonia,42.0783,22.175
Kratovo,Russia,55.5911,38.1803
Krizevci,Croatia,46.0258,16.5425
Krizevci,Slovenia,46.5631,16.1399
Kulu,India,31.96,77.1
Kulu,Turkey,39.0892,33.0806
Kumi,South Korea,36.1195,128.3444
Kumi,Uganda,1.4608,33.9361
Kushk,Afghanistan,33.2956,61.9522
Kushk,Iran,32.6428,51.5
La Calera,Argentina,-31.3439,-64.3353
La Calera,Chile,-32.7867,-71.1972
La Calera,Colombia,4.7531,-73.92
La Carlota,Argentina,-33.4333,-63.3
La Carlota,Philippines,10.4167,122.9167
La Carlota,Spain,37.6667,-4.9333
La Cruz,Chile,-32.8281,-71.1761
La Cruz,Colombia,1.6047,-76.9742
La Cruz,Costa Rica,11.0845,-85.6436
La Cruz,Mexico,23.9214,-106.8919
La Esperanza,Colombia,7.6392,-73.3358
La Esperanza,Guatemala,14.8719,-91.5619
La Esperanza,Honduras,14.3,-88.1833
La Florida,Chile,-33.5333,-70.5833
La Florida,Colombia,1.3017,-77.4106
La Huerta,Mexico,19.4833,-104.65
La Huerta,Philippines,14.4972,120.9953
La Libertad,Ecuador,-2.2333,-80.9
La Libertad,El Salvador,13.4833,-89.3167
La Libertad,Guatemala,15.5,-91.8333
La Libertad,Nicaragua,12.2156,-85.1647
La Libertad,Philippines,10.0333,123.2167
La Paz,Argentina,-30.75,-59.65
La Paz,Bolivia,-16.5,-68.15
La Paz,Honduras,14.3169,-87.6831
La Paz,Mexico,24.1422,-110.3108
La Paz,Philippines,15.4431,120.7289
La Paz,Uruguay,-34.7617,-56.2233
La Reina,Chile,-33.45,-70.55
La Reina,El Salvador,14.1833,-89.15
La Rinconada,Peru,-14.6325,-69.4458
La Rinconada,Spain,37.4833,-5.9667
La Trinidad,Mexico,15.9833,-91.8667
La Trinidad,Nicaragua,12.9678,-86.2339
La Trinidad,Philippines,16.4621,120.5877
La Union,Chile,-40.2833,-73.0833
La Union,Colombia,4.5331,-76.1006
La Union,El Salvador,13.3369,-87.8439
La Union,Guatemala,14.9667,-89.2833
La Union,Spain,37.6192,-0.8756
La Vega,Colombia,2.0008,-76.7778
La Vega,Dominican Republic,19.22,-70.53
La Victoria,Colombia,4.5214,-76.0364
La Victoria,Dominican Republic,18.55,-69.9
La Victoria,Venezuela,10.2278,-67.3336
Ladysmith,Canada,48.9975,-123.8203
Ladysmith,South Africa,-28.5597,29.7806
Lagos,Greece,41.0667,25.025
Lagos,Nigeria,6.455,3.3841
Lagos,Portugal,37.1028,-8.6728
Lala,India,24.5542,92.6159
Lala,Philippines,7.9667,123.75
Lampa,Chile,-33.2833,-70.9
Lampa,Peru,-15.3636,-70.3656
Las Rosas,Argentina,-32.4833,-61.5833
Las Rosas,Mexico,16.3667,-92.35
Launceston,Australia,-41.4419,147.145
Launceston,United Kingdom,50.637,-4.36
Laval,Canada,45.5833,-73.75
Laval,France,48.0733,-0.7689
Leek,Netherlands,53.1667,6.3833
Leek,United Kingdom,53.108,-2.0234
Leer,Germany,53.2308,7.4528
Leer,South Sudan,8.2979,30.1475
Leganes,Philippines,10.7833,122.5833
Leganes,Spain,40.3281,-3.7644
Leon,Nicaragua,12.4344,-86.8775
Leon,Philippines,10.7808,122.3894
Leon,Spain,42.6056,-5.57
Lere,Chad,9.77,14.15
Lere,Mali,15.7117,-4.9117
Libertad,Argentina,-34.6833,-58.6833
Libertad,Philippines,11.769,121.9189
Libertad,Uruguay,-34.6333,-56.6192
Lille,Belgium,51.2333,4.8333
Lille,France,50.6278,3.0583
Limay,France,48.9933,1.7358
Limay,Philippines,14.5619,120.5983
Limbe,Cameroon,4.0167,9.2167
Limbe,Haiti,19.7056,-72.4147
Linares,Chile,-35.85,-71.6
Linares,Colombia,1.35,-77.5333
Linares,Mexico,24.8597,-99.5647
Linares,Spain,38.0833,-3.6333
Llanera,Philippines,15.6625,121.0197
Llanera,Spain,43.4667,-5.9333
Loja,Ecuador,-3.9833,-79.2
Loja,Spain,37.1667,-4.15
Loreto,Brazil,-7.0839,-45.1408
Loreto,Italy,43.4389,13.6086
Loreto,Mexico,22.2667,-101.9833
Loreto,Philippines,8.1856,125.8538
Lubao,Congo (Kinshasa),-5.385,25.745
Lubao,Philippines,14.9333,120.6
Luce,France,48.4383,1.465
Luce,Slovenia,46.3565,14.7436
Lucena,Brazil,-6.9,-34.8689
Lucena,Philippines,13.9333,121.6167
Lucena,Spain,37.4,-4.4833
Lugo,Italy,44.4167,11.9167
Lugo,Spain,43.0167,-7.55
Macau,Brazil,-5.115,-36.6339
Macau,Macau,22.2006,113.5461
Madrid,Colombia,4.7344,-74.2683
Madrid,Philippines,9.2619,125.9647
Madrid,Spain,40.4169,-3.7033
Madridejos,Philippines,11.2667,123.7333
Madridejos,Spain,39.4667,-3.5333
Mafra,Brazil,-26.1108,-49.805
Mafra,Portugal,38.9411,-9.3319
Magdalena,Argentina,-35.0833,-57.5167
Magdalena,Bolivia,-13.2606,-64.0528
Magdalena,Mexico,20.9092,-103.9803
Magdalena,Philippines,14.2,121.4333
Mahad,India,18.083,73.417
Mahad,Iraq,36.6472,43.4117
Mahdia,Guyana,5.2667,-59.15
Mahdia,Tunisia,35.5,11.0667
Maina,Guam,13.4692,144.7332
Maina,India,23.1712,76.6629
Maipu,Argentina,-32.9667,-68.75
Maipu,Chile,-33.5167,-70.7667
Malaga,Colombia,6.7833,-72.6667
Malaga,Spain,36.7194,-4.42
Mali,China,23.1277,104.7029
Mali,Guinea,12.084,-12.301
Mali,India,25.1269,84.7084
Manati,Colombia,10.445,-74.9597
Manati,Cuba,21.3144,-76.9378
Manati,Puerto Rico,18.4283,-66.4823
Manga,Brazil,-14.7558,-43.9319
Manga,Burkina Faso,11.6667,-1.0667
Mani,Burkina Faso,13.26,-0.2094
Mani,Colombia,4.8167,-72.2833
Mansa,India,29.9906,75.3996
Mansa,Zambia,-11.2,28.8833
Manta,Benin,10.3564,1.1056
Manta,Ecuador,-0.95,-80.7162
Manzanares,Colombia,5.2519,-75.1569
Manzanares,Spain,38.9964,-3.3731
Manzanillo,Cuba,20.3397,-77.1086
Manzanillo,Mexico,19.0522,-104.3158
Mao,Chad,14.1194,15.3133
Mao,Dominican Republic,19.5667,-71.0833
Marigot,Haiti,18.2333,-72.3167
Marigot,Saint Martin,18.0706,-63.0847
Massy,France,48.7309,2.2713
Massy,Kyrgyzstan,41.0608,72.6328
Matanzas,Cuba,23.0511,-81.5753
Matanzas,Dominican Republic,18.2428,-70.4192
Matina,Brazil,-13.9089,-42.8489
Matina,Costa Rica,10.0099,-83.3096
Maur,India,30.0833,75.25
Maur,Switzerland,47.3417,8.6703
Medellin,Colombia,6.2308,-75.5906
Medellin,Philippines,11.1286,123.9622
Meishan,China,30.0575,103.8381
Meishan,Taiwan,23.5607,120.6296
Melgaco,Brazil,-1.8039,-50.7119
Melgaco,Portugal,42.1167,-8.2667
Melle,Belgium,51,3.8
Melle,Germany,52.2044,8.3389
Merida,Mexico,20.97,-89.62
Merida,Philippines,10.9098,124.5376
Merida,Spain,38.9,-6.3333
Merida,Venezuela,8.48,-71.19
Meru,France,49.2358,2.135
Meru,India,24.0097,85.4673
Meru,Kenya,0.05,37.65
Middelburg,Netherlands,51.5,3.6167
Middelburg,South Africa,-25.7684,29.4783
Minas,Cuba,21.4894,-77.605
Minas,Uruguay,-34.3667,-55.2333
Mira,Italy,45.4375,12.1329
Mira,Portugal,40.4333,-8.7333
Miranda,Brazil,-20.2408,-56.3778
Miranda,Colombia,3.25,-76.25
Mirzapur,Bangladesh,24.1083,90.0917
Mirzapur,India,25.146,82.569
Moanda,Congo (Kinshasa),-5.9342,12.3494
Moanda,Gabon,-1.5667,13.2
Moka,India,15.238,77.0599
Moka,Mauritius,-20.219,57.496
Moncada,Philippines,15.7331,120.5725
Moncada,Spain,41.4867,2.1879
Moncao,Brazil,-3.4919,-45.2508
Moncao,Portugal,42.0733,-8.48
Montenegro,Brazil,-29.6889,-51.4608
Montenegro,Colombia,4.5671,-75.7504
Monterrey,Colombia,4.8783,-72.8972
Monterrey,Mexico,25.6667,-100.3
Montijo,Portugal,38.6833,-8.9
Montijo,Spain,38.91,-6.6175
Montmagny,Canada,46.9833,-70.55
Montmagny,France,48.9736,2.3458
Mora,Costa Rica,10.0088,-84.0216
Mora,Mali,14.3278,-4.6
Mora,Spain,39.684,-3.777
Mora,Sweden,61.0167,14.5333
Morales,Colombia,2.7603,-76.6339
Morales,Guatemala,15.4725,-88.8414
Morden,Canada,49.1919,-98.1006
Morden,United Kingdom,51.4015,-0.1949
Mori,Italy,45.85,10.9833
Mori,Japan,34.8356,137.9271
Moron,Argentina,-34.65,-58.6167
Moron,Cuba,22.1108,-78.6278
Moron,Haiti,18.56,-74.2579
Moron,Mongolia,49.6356,100.1556
Murcia,Philippines,10.6,123.0333
Murcia,Spain,37.9861,-1.1303
Mwanza,Malawi,-15.5986,34.5178
Mwanza,Tanzania,-2.5167,32.9
Nara,Japan,34.6844,135.805
Nara,Mali,15.18,-7.28
Naryn,Kyrgyzstan,41.4333,76
Naryn,Tajikistan,38.2,68.9
Nawabganj,Bangladesh,24.6,88.2667
Nawabganj,India,28.54,79.633
Nazare,Brazil,-13.035,-39.0139
Nazare,Portugal,39.6,-9.0667
Nazareth,India,8.5562,77.971
Nazareth,Israel,32.7019,35.3033
Nelson,Canada,49.5,-117.2833
Nelson,New Zealand,-41.2708,173.2839
Nelson,United Kingdom,53.8346,-2.218
Neunkirchen,Austria,47.7269,16.0817
Neunkirchen,Germany,49.35,7.1667
Neya,Japan,34.7667,135.6333
Neya,Russia,58.3,43.8667
Nicosia,Cyprus,35.1725,33.365
Nicosia,Italy,37.75,14.4
Nola,Central African Republic,3.5333,16.0667
Nola,Italy,40.9333,14.5333
Noto,Italy,36.8833,15.0833
Noto,Japan,37.3103,137.1477
Nova Esperanca,Angola,-6.7333,15.9
Nova Esperanca,Brazil,-23.1839,-52.205
Novi Pazar,Bulgaria,43.35,27.2
Novi Pazar,Serbia,43.15,20.5167
Novomoskovsk,Russia,54.0833,38.2167
Novomoskovsk,Ukraine,48.6328,35.2239
Nueva Concepcion,El Salvador,14.1333,-89.3
Nueva Concepcion,Guatemala,14.1997,-91.2997
Obando,Colombia,4.5833,-75.9167
Obando,Philippines,14.7083,120.9375
Obidos,Brazil,-1.9178,-55.5178
Obidos,Portugal,39.3581,-9.1578
Ocana,Colombia,8.2333,-73.35
Ocana,Spain,39.9569,-3.4967
Oeiras,Brazil,-7.025,-42.1308
Oeiras,Portugal,38.6833,-9.3167
Oliva,Argentina,-32.0333,-63.5667
Oliva,Spain,38.9194,-0.1211
Onda,India,25.2452,85.665
Onda,Spain,39.9625,-0.2639
Oranjestad,Aruba,12.5186,-70.0358
Oranjestad,"Bonaire, Sint Eustatius, and Saba",17.4833,-62.9833
Ostrov,Czechia,50.306,12.9392
Ostrov,Russia,57.35,28.35
Ourem,Brazil,-1.5478,-47.1189
Ourem,Portugal,39.65,-8.5667
Pacora,Colombia,5.5258,-75.4589
Pacora,Panama,9.08,-79.28
Padre Las Casas,Chile,-38.7667,-72.6
Padre Las Casas,Dominican Republic,18.7333,-70.9333
Paita,New Caledonia,-22.1337,166.3505
Paita,Peru,-5.0911,-81.1064
Palencia,Guatemala,14.6676,-90.3575
Palencia,Spain,42.0167,-4.5333
Palermo,Colombia,2.8917,-75.4375
Palermo,Italy,38.1157,13.3613
Palestina,Brazil,-20.39,-49.4328
Palestina,Colombia,5.0833,-75.6667
Palma,Mozambique,-10.7758,40.4667
Palma,Spain,39.5667,2.65
Palmares,Brazil,-8.6828,-35.5919
Palmares,Costa Rica,10.0466,-84.4373
Palmira,Colombia,3.5833,-76.25
Palmira,Cuba,22.2444,-80.3944
Palu,Indonesia,-0.895,119.8594
Palu,Turkey,38.7039,39.9511
Pamplona,Colombia,7.3781,-72.6525
Pamplona,Philippines,9.4667,123.1167
Pamplona,Spain,42.8167,-1.65
Panorama,Brazil,-21.3564,-51.86
Panorama,Greece,40.5833,23.0333
Paola,Italy,39.3667,16.0333
Paola,Malta,35.8728,14.5075
Para,CÃ´te d'Ivoire,5.5167,-7.3333
Para,India,23.5142,86.498
Paraiso,Costa Rica,9.8432,-83.8463
Paraiso,Dominican Republic,18,-71.1667
Paraiso,Mexico,18.3961,-93.2128
Parana,Argentina,-31.7331,-60.5297
Parana,Brazil,-12.615,-47.8828
Parigi,India,13.8929,77.4598
Parigi,Indonesia,-7.6914,108.5372
Parral,Chile,-36.15,-71.8333
Parral,Mexico,26.9333,-105.6667
Patos,Albania,40.6833,19.6167
Patos,Brazil,-7.0244,-37.28
Patti,India,31.28,74.86
Patti,Italy,38.1389,14.9648
Pavia,Italy,45.1853,9.155
Pavia,Philippines,10.775,122.5417
Pedernales,Dominican Republic,18.0333,-71.75
Pedernales,Ecuador,0.07,-80.055
Penrith,Australia,-33.7511,150.6942
Penrith,United Kingdom,54.6648,-2.7548
Perez,Argentina,-33,-60.7667
Perez,Philippines,14.1833,121.9333
Perth,Australia,-31.9559,115.8606
Perth,United Kingdom,56.3958,-3.4333
Peterborough,Australia,-32.9667,138.8333
Peterborough,Canada,44.3,-78.3167
Peterborough,United Kingdom,52.5662,-0.2366
Phulpur,Bangladesh,24.955,90.3573
Phulpur,India,25.55,82.1
Picos,Brazil,-7.0769,-41.4669
Picos,Cabo Verde,15.083,-23.632
Pila,Philippines,14.2333,121.3667
Pila,Poland,53.15,16.7333
Pilar,Argentina,-34.4588,-58.9142
Pilar,Brazil,-9.5972,-35.9567
Pilar,Paraguay,-26.87,-58.3
Pilar,Philippines,12.9244,123.6756
Pinto,Chile,-36.7,-71.9
Pinto,Spain,40.25,-3.7
Pokrov,Russia,55.9117,39.1847
Pokrov,Ukraine,47.6533,34.0842
Pokrovsk,Russia,61.4833,129.15
Pokrovsk,Ukraine,48.2828,37.1828
Pombal,Brazil,-6.77,-37.8019
Pombal,Portugal,39.9161,-8.6281
Ponta do Sol,Cabo Verde,17.202,-25.093
Ponta do Sol,Portugal,32.6806,-17.1042
Pontevedra,Philippines,10.3667,122.8833
Pontevedra,Spain,42.4333,-8.6333
Porto,Brazil,-3.8928,-42.71
Porto,Portugal,41.1621,-8.622
Potosi,Bolivia,-19.5892,-65.7533
Potosi,Colombia,0.8081,-77.5728
Potosi,Nicaragua,11.4942,-85.8556
Pozega,Croatia,45.3331,17.6736
Pozega,Serbia,43.8459,20.0368
Progreso,Mexico,32.5842,-115.5842
Progreso,Uruguay,-34.665,-56.2194
Pueblo Nuevo,Colombia,8.5008,-75.5072
Pueblo Nuevo,Mexico,17.1576,-92.8973
Pueblo Nuevo,Nicaragua,13.3797,-86.4808
Pueblo Viejo,Dominican Republic,18.4,-70.7667
Pueblo Viejo,Mexico,19.1781,-100.2856
Puente Nacional,Colombia,5.8833,-73.6833
Puente Nacional,Mexico,19.3333,-96.4833
Puerto Escondido,Colombia,8.95,-76.25
Puerto Escondido,Mexico,15.8619,-97.0672
Puerto Rico,Argentina,-26.8,-55.0167
Puerto Rico,Colombia,1.9142,-75.145
Puri,Angola,-7.6833,15.6
Puri,India,19.8106,85.8314
Puttalam,India,8.0981,77.464
Puttalam,Sri Lanka,8.033,79.826
Queenstown,Australia,-42.0667,145.55
Queenstown,South Africa,-31.9,26.8833
Quesada,Costa Rica,10.3441,-84.4199
Quesada,Guatemala,14.2723,-90.0373
Quezaltepeque,El Salvador,13.8333,-89.2667
Quezaltepeque,Guatemala,14.6333,-89.45
Rabat,Malta,35.8817,14.3989
Rabat,Morocco,34.0209,-6.8416
Rafah,Egypt,31.2808,34.2414
Rafah,Gaza Strip,31.2886,34.2519
Rasht,Iran,37.2808,49.5831
Rasht,Tajikistan,39.0167,70.3833
Remedios,Colombia,7.0275,-74.6939
Remedios,Cuba,22.4922,-79.5458
Requena,Peru,-5.0569,-73.8515
Requena,Spain,39.4861,-1.1017
Resende,Brazil,-22.4689,-44.4469
Resende,Portugal,41.106,-7.964
Retiro,Chile,-36.0333,-71.7667
Retiro,Colombia,6.0572,-75.5025
Ribeira Brava,Cabo Verde,16.615,-24.299
Ribeira Brava,Portugal,32.6833,-17.05
Ribeira Grande,Cabo Verde,17.183,-25.065
Ribeira Grande,Portugal,37.8167,-25.5167
Ricaurte,Colombia,1.2108,-77.9933
Ricaurte,Ecuador,-2.8667,-78.9333
Riga,India,26.6553,85.442
Riga,Latvia,56.9489,24.1064
Rio Branco,Brazil,-9.9747,-67.81
Rio Branco,Uruguay,-32.5972,-53.3833
Rio Claro,Brazil,-22.4108,-47.5608
Rio Claro,Trinidad and Tobago,10.3042,-61.1708
Rio Cuarto,Argentina,-33.1333,-64.35
Rio Cuarto,Costa Rica,10.4076,-84.2135
Rio Grande,Argentina,-53.7833,-67.7
Rio Grande,Brazil,-32.035,-52.0986
Rio Grande,Dominican Republic,19.73,-70.8
Rio Grande,Puerto Rico,18.3789,-65.8388
Rio Negro,Brazil,-26.1,-49.79
Rio Negro,Chile,-40.7833,-73.2
Rio Segundo,Argentina,-31.6501,-63.9116
Rio Segundo,Costa Rica,10.0013,-84.1937
Rio Tinto,Brazil,-6.8028,-35.0808
Rio Tinto,Portugal,41.178,-8.56
Rivera,Colombia,2.7853,-75.2589
Rivera,Uruguay,-30.9025,-55.5506
Rocafuerte,Ecuador,-0.92,-80.46
Rocafuerte,Peru,-0.9329,-75.4
Rochefort,Belgium,50.1667,5.2167
Rochefort,France,45.9421,-0.9588
Ronda,Philippines,10.0003,123.4095
Ronda,Spain,36.7372,-5.1647
Rosario,Argentina,-32.9575,-60.6394
Rosario,Brazil,-2.9339,-44.235
Rosario,Philippines,13.846,121.206
Rosario,Uruguay,-34.3139,-57.3525
Rosas,Colombia,2.2667,-76.75
Rosas,Spain,42.2633,3.175
Ruse,Bulgaria,43.8231,25.9539
Ruse,Slovenia,46.5386,15.5154
Sabaneta,Colombia,6.15,-75.6
Sabaneta,Dominican Republic,19.4833,-71.35
Sabaneta,Venezuela,8.7522,-69.9325
Sabang,India,22.183,87.599
Sabang,Indonesia,5.8942,95.3192
Sadovoye,Kyrgyzstan,42.8528,74.1722
Sadovoye,Ukraine,46.1269,30.385
Safi,Malta,35.8333,14.485
Safi,Morocco,32.2833,-9.2333
Saidpur,Bangladesh,25.8004,89
Saidpur,India,25.55,83.18
Saidpur,Pakistan,33.7421,73.0677
Saint-Denis,France,48.9356,2.3539
Saint-Denis,Reunion,-20.8789,55.4481
Saint-Louis,France,47.59,7.57
Saint-Louis,Senegal,16.0333,-16.5
Saka,Japan,34.3412,132.5136
Saka,Morocco,34.6167,-3.4167
Saki,Azerbaijan,41.2,47.1667
Saki,Nigeria,8.6667,3.4
Salamanca,Chile,-31.7667,-70.9667
Salamanca,Mexico,20.5703,-101.1972
Salamanca,Spain,40.965,-5.6642
Salamina,Colombia,5.4083,-75.49
Salamina,Greece,37.9667,23.5
Salaya,India,22.32,69.6
Salaya,Thailand,13.8023,100.3208
Salcedo,Dominican Republic,19.378,-70.418
Salcedo,Philippines,11.15,125.6667
Sale,Australia,-38.1,147.0667
Sale,Morocco,34.0333,-6.8
Sale,United Kingdom,53.424,-2.322
Sali,Algeria,26.9833,-0.0333
Sali,Senegal,14.4383,-17.0125
Salo,Finland,60.3861,23.125
Salo,Italy,45.6,10.5333
Salto,Brazil,-23.2008,-47.2869
Salto,Uruguay,-31.3833,-57.95
Salvador,Brazil,-12.9747,-38.4767
Salvador,Cuba,20.2094,-75.2231
Salyan,Azerbaijan,39.595,48.9792
Salyan,Nepal,28.35,82.1833
Samana,Colombia,5.5833,-74.9167
Samana,Dominican Republic,19.2,-69.3167
Samana,India,30.15,76.19
Same,Tanzania,-4.0667,37.7833
Same,Timor-Leste,-9,125.65
San Agustin,Colombia,1.9,-76.2833
San Agustin,Philippines,12.5689,122.1314
San Andres,Colombia,12.5847,-81.7006
San Andres,Philippines,14.5739,121.0039
San Bernardo,Argentina,-27.2667,-60.7
San Bernardo,Chile,-33.5833,-70.7
San Bernardo,Colombia,1.5108,-77.0467
San Cristobal,Argentina,-30.3167,-61.2333
San Cristobal,Cuba,22.7169,-83.0511
San Cristobal,Dominican Republic,18.4167,-70.1056
San Cristobal,Mexico,16.737,-92.6376
San Cristobal,Venezuela,7.7682,-72.2322
San Dionisio,Nicaragua,12.7625,-85.8503
San Dionisio,Philippines,14.4839,120.9925
San Estanislao,Colombia,10.4,-75.15
San Estanislao,Paraguay,-24.65,-56.4333
San Felipe,Chile,-32.75,-70.7239
San Felipe,Guatemala,14.6206,-91.5961
San Felipe,Mexico,21.4833,-101.2167
San Felipe,Philippines,15.0619,120.07
San Felipe,Venezuela,10.3353,-68.7458
San German,Cuba,20.6011,-76.1325
San German,Puerto Rico,18.0827,-67.046
San Ignacio,Belize,17.1588,-89.0696
San Ignacio,Costa Rica,9.7997,-84.163
San Ignacio,El Salvador,14.3333,-89.1833
San Ignacio,Honduras,14.65,-87.0333
San Ignacio,Paraguay,-26.8867,-57.0283
San Ignacio,Peru,-5.1456,-79.0017
San Isidro,Argentina,-34.4667,-58.5167
San Isidro,Costa Rica,9.9737,-83.9861
San Isidro,Nicaragua,12.9283,-86.1922
San Isidro,Philippines,14.4685,121.0118
San Javier,Argentina,-30.5833,-59.95
San Javier,Bolivia,-16.2748,-62.5072
San Javier,Chile,-35.5924,-71.7353
San Javier,Spain,37.8037,-0.8343
San Joaquin,Chile,-33.4792,-70.6413
San Joaquin,Philippines,10.6,122.0833
San Jorge,El Salvador,13.6833,-88.3833
San Jorge,Guatemala,14.9253,-89.5897
San Jorge,Philippines,11.9833,124.8167
San Juan Bautista,Guatemala,14.4167,-91.1833
San Juan Bautista,Paraguay,-26.6333,-57.1667
San Juan Nepomuceno,Colombia,9.95,-75.0833
San Juan Nepomuceno,Paraguay,-26.1167,-55.93
San Julian,Argentina,-49.3,-67.7167
San Julian,Bolivia,-16.9064,-62.6169
San Julian,El Salvador,13.6976,-89.5596
San Julian,Mexico,61.524,105.3188
San Julian,Philippines,11.7536,125.4558
San Manuel,Honduras,15.3333,-87.9167
San Manuel,Philippines,16.0656,120.6667
San Martin,Argentina,-33.0806,-68.4706
San Martin,Colombia,3.6944,-73.6936
San Miguel,Argentina,-34.5333,-58.7167
San Miguel,El Salvador,13.4814,-88.1775
San Miguel,Philippines,15.1458,120.9783
San Miguelito,Nicaragua,11.4025,-84.9003
San Miguelito,Panama,9.033,-79.5
San Nicolas,Cuba,22.7819,-81.9069
San Nicolas,Philippines,16.07,120.7653
San Pedro,Argentina,-33.6794,-59.6669
San Pedro,Belize,17.9214,-87.9611
San Pedro,Chile,-33.8944,-71.4558
San Pedro,Colombia,4,-76.2292
San Pedro,Costa Rica,9.9332,-84.047
San Pedro,Mexico,25.7578,-102.9831
San Pedro,Philippines,14.3583,121.0583
San Quintin,Mexico,30.4837,-115.95
San Quintin,Philippines,15.9844,120.815
San Roque,Argentina,-28.5667,-58.7167
San Roque,Colombia,6.4853,-75.0197
San Roque,Philippines,14.48,120.9011
San Roque,Spain,36.2097,-5.3844
San Salvador,Argentina,-31.6167,-58.5
San Salvador,El Salvador,13.6989,-89.1914
San Salvador,Mexico,20.2833,-99.0153
San Sebastian,Colombia,1.8439,-76.7717
San Sebastian,El Salvador,13.7333,-88.8333
San Sebastian,Guatemala,14.5667,-91.65
San Sebastian,Philippines,11.7,125.0167
San Sebastian,Puerto Rico,18.3356,-66.9948
San Simon,El Salvador,13.8333,-88.2333
San Simon,Philippines,14.998,120.78
San Vicente,Colombia,6.2819,-75.3322
San Vicente,Costa Rica,9.9636,-84.0454
San Vicente,Ecuador,-1.9,-79.2333
San Vicente,El Salvador,13.6453,-88.7842
San Vicente,Philippines,10.5281,119.2542
Sande,Germany,53.5022,8.0139
Sande,Norway,59.5936,10.2076
Sandur,Faroe Islands,61.8344,-6.8171
Sandur,India,15.1,76.55
Sangar,Iran,37.1811,49.6939
Sangar,Russia,63.9241,127.4739
Santa Catalina,Colombia,10.6039,-75.2878
Santa Catalina,Philippines,9.3331,122.8658
Santa Elena,Argentina,-30.95,-59.8
Santa Elena,Ecuador,-2.2267,-80.8583
Santa Elena,El Salvador,13.3833,-88.4167
Santa Elena,Honduras,14.0833,-88.1167
Santa Elena,Philippines,14.1797,122.3919
Santa Lucia,Argentina,-28.9833,-59.1
Santa Lucia,Brazil,-21.685,-48.0839
Santa Lucia,Colombia,10.3167,-74.95
Santa Lucia,Cuba,21.0281,-75.9964
Santa Lucia,Philippines,17.1222,120.4494
Santa Lucia,Uruguay,-34.4525,-56.3964
Santa Lucia,Venezuela,10.2606,-66.6639
Santa Margarita,Philippines,12.0378,124.6578
Santa Margarita,Spain,39.7033,3.1036
Santa Rita,Brazil,-7.1139,-34.9778
Santa Rita,Honduras,14.8667,-89.1
Santa Rita,Philippines,14.9953,120.6153
Santa Rita,Venezuela,10.2003,-67.5514
Santa Rosa de Lima,El Salvador,13.6167,-87.9
Santa Rosa de Lima,Guatemala,14.3881,-90.2956
Santa Rosa de Viterbo,Brazil,-21.4728,-47.3628
Santa Rosa de Viterbo,Colombia,5.8833,-72.9833
Santa Teresa,Brazil,-19.9358,-40.6
Santa Teresa,Nicaragua,11.8039,-86.1639
Santana,Brazil,-0.035,-51.175
Santana,Romania,46.35,21.5
Santana,Sao Tome and Principe,0.2583,6.7417
Santander,Philippines,9.45,123.3333
Santander,Spain,43.4628,-3.805
Santarem,Brazil,-2.43,-54.72
Santarem,Portugal,39.2339,-8.6861
Santiago,Brazil,-29.1919,-54.8669
Santiago,Chile,-33.4372,-70.6506
Santiago,Costa Rica,9.8291,-84.3044
Santiago,Dominican Republic,19.4572,-70.6889
Santiago,Mexico,25.4333,-100.1333
Santiago,Panama,8.1004,-80.9833
Santiago,Peru,-14.1892,-75.7126
Santiago,Philippines,16.6833,121.55
Santo Andre,Brazil,-23.6572,-46.5333
Santo Andre,Portugal,38.05,-8.75
Santo Antonio,Brazil,-29.8178,-50.52
Santo Antonio,Sao Tome and Principe,1.6367,7.4178
Santo Domingo,Colombia,6.4708,-75.1658
Santo Domingo,Costa Rica,9.988,-84.0686
Santo Domingo,Cuba,22.5833,-80.2383
Santo Domingo,Dominican Republic,18.4764,-69.8933
Santo Domingo,Nicaragua,12.2631,-85.0822
Santo Domingo,Philippines,15.59,120.8786
Santo Tomas,Colombia,10.7667,-74.9167
Santo Tomas,Peru,-14.451,-72.082
Santo Tomas,Philippines,14.0833,121.1833
Sao Domingos,Brazil,-13.3978,-46.3178
Sao Domingos,Cabo Verde,15.028,-23.563
Sao Pedro do Sul,Brazil,-29.6208,-54.1789
Sao Pedro do Sul,Portugal,40.75,-8.0667
Sao Tome,Brazil,-5.9728,-36.075
Sao Tome,Sao Tome and Principe,0.3361,6.7306
Sarandi,Argentina,-34.6833,-58.3333
Sarandi,Brazil,-27.9439,-52.9228
Saray,Azerbaijan,40.5322,49.7164
Saray,Turkey,41.4411,27.9216
Segou,Benin,6.6167,2.2167
Segou,Mali,13.45,-6.2667
Segovia,Colombia,7.0781,-74.7017
Segovia,Spain,40.9481,-4.1183
Sevilla,Colombia,4.2689,-75.9361
Sevilla,Philippines,9.7,124.05
Sevilla,Spain,37.24,-5.99
Shamsabad,India,17.2603,78.3969
Shamsabad,Iran,32.2983,48.4289
Sherpur,Bangladesh,24.665,89.419
Sherpur,India,25.6539,84.9793
Silao,India,25.0836,85.428
Silao,Mexico,20.9478,-101.4281
Silvania,Brazil,-16.6589,-48.6078
Silvania,Colombia,4.4033,-74.3881
Silves,Brazil,-2.8389,-58.2092
Silves,Portugal,37.1869,-8.4389
Sinop,Brazil,-11.8481,-55.6492
Sinop,Turkey,42.0267,35.1511
Sirvan,Azerbaijan,39.9323,48.9203
Sirvan,Turkey,38.0633,42.0275
Slatina,Croatia,45.7022,17.7011
Slatina,Romania,44.4297,24.3642
Slobozia,Moldova,46.7333,29.7
Slobozia,Romania,44.5639,27.3661
Soest,Germany,51.5711,8.1092
Soest,Netherlands,52.1833,5.3
Sola,Cuba,21.6744,-77.6806
Sola,Norway,58.8561,5.575
Sola,Vanuatu,-13.875,167.55
Solano,Colombia,0.6983,-75.2539
Solano,Philippines,16.5183,121.1811
Solsona,Philippines,18.0961,120.7725
Solsona,Spain,41.9944,1.5178
Soma,Japan,37.7967,140.9196
Soma,Turkey,39.1883,27.6089
Songo,Angola,-7.3496,14.85
Songo,Mozambique,-15.6142,32.7709
Sopot,Bulgaria,42.65,24.75
Sopot,Poland,54.45,18.5667
Soro,Denmark,55.4333,11.5667
Soro,India,21.29,86.69
Soure,Brazil,-0.7169,-48.5228
Soure,Portugal,40.05,-8.6333
Sripur,Bangladesh,24.2011,90.4843
Sripur,India,25.5861,86.0803
Stanley,Canada,49.1331,-98.0656
Stanley,Falkland Islands (Islas Malvinas),-51.7,-57.85
Stanley,United Kingdom,53.7145,-1.476
Sucre,Bolivia,-19.0475,-65.26
Sucre,Colombia,8.8139,-74.7253
Sucre,Ecuador,-1.26,-80.44
Sultonobod,Tajikistan,38.45,68.95
Sultonobod,Uzbekistan,40.7644,72.9764
Suran,Iran,27.2856,61.9964
Suran,Syria,35.2897,36.7433
Susa,Azerbaijan,39.7583,46.7483
Susa,Colombia,5.4528,-73.814
Tabor,Czechia,49.4144,14.6578
Tabor,Slovenia,46.2108,15.0047
Tabuk,Philippines,17.4069,121.4425
Tabuk,Saudi Arabia,28.3972,36.5789
Taki,India,22.59,88.92
Taki,Japan,34.4961,136.5462
Tala,India,24.3735,81.1989
Tala,Mexico,20.6525,-103.7028
Talas,Kyrgyzstan,42.5167,72.2333
Talas,Turkey,38.6833,35.5667
Tamba,India,17.0001,75.9934
Tamba,Japan,35.1833,135.0333
Tamboril,Brazil,-4.8319,-40.3208
Tamboril,Dominican Republic,19.48,-70.6
Tamworth,Australia,-31.0833,150.9167
Tamworth,United Kingdom,52.633,-1.695
Tarragona,Philippines,7.0491,126.4471
Tarragona,Spain,41.1187,1.2453
Tata,Hungary,47.6526,18.3238
Tata,Morocco,29.7428,-7.9725
Tena,Colombia,4.6547,-74.39
Tena,Ecuador,-0.989,-77.8159
Ternate,Indonesia,0.78,127.3819
Ternate,Philippines,14.2833,120.7167
Teruel,Colombia,2.75,-75.5667
Teruel,Spain,40.3456,-1.1065
Tigaon,India,21.6456,78.4576
Tigaon,Philippines,13.6319,123.4975
Tolosa,Philippines,11.0633,125.0353
Tolosa,Spain,43.1333,-2.0833
Toro,Colombia,4.6117,-76.0814
Toro,Spain,41.52,-5.3947
Torquay,Australia,-38.3333,144.3167
Torquay,United Kingdom,50.47,-3.53
Torrijos,Philippines,13.3167,122.0833
Torrijos,Spain,39.9833,-4.2814
Touba,CÃ´te d'Ivoire,8.2833,-7.6833
Touba,Senegal,14.8667,-15.8833
Trento,Italy,46.0667,11.1167
Trento,Philippines,8.0459,126.0614
Tres Rios,Brazil,-22.1169,-43.2089
Tres Rios,Costa Rica,9.9072,-83.9865
Trindade,Brazil,-16.6581,-49.4836
Trindade,Sao Tome and Principe,0.3,6.6833
Trinidad,Bolivia,-14.8292,-64.9014
Trinidad,Colombia,5.4089,-71.6622
Trinidad,Cuba,21.8042,-79.9831
Trinidad,Philippines,10.0795,124.3432
Trinidad,Uruguay,-33.5333,-56.8833
Tripoli,Greece,37.5167,22.3833
Tripoli,Lebanon,34.4367,35.8344
Tripoli,Libya,32.8872,13.1914
Trujillo,Colombia,4.25,-76.3333
Trujillo,Honduras,15.9186,-85.9533
Trujillo,Peru,-8.112,-79.0288
Trujillo,Spain,39.4653,-5.8789
Trujillo,Venezuela,9.417,-70.5
Truro,Canada,45.3647,-63.28
Truro,United Kingdom,50.26,-5.051
Tudela,Philippines,8.2472,123.8424
Tudela,Spain,42.0653,-1.6067
Tulsipur,India,27.55,82.42
Tulsipur,Nepal,28.1278,82.2956
Tura,India,25.52,90.22
Tura,Russia,64.2833,100.2167
Turin,El Salvador,13.9667,-89.8167
Turin,Italy,45.0792,7.6761
Tuzla,Bosnia and Herzegovina,44.5381,18.6761
Tuzla,Turkey,40.8161,29.3006
Uman,Mexico,20.8833,-89.75
Uman,Ukraine,48.75,30.2167
Umarkot,India,19.6653,82.2063
Umarkot,Pakistan,25.3614,69.7361
Una,Brazil,-15.2928,-39.075
Una,India,20.82,71.03
Valdivia,Chile,-39.8139,-73.2458
Valdivia,Colombia,7.1636,-75.4392
Valenca,Brazil,-13.37,-39.0728
Valenca,Portugal,42.0167,-8.6333
Valencia,Colombia,8.2592,-76.1469
Valencia,Ecuador,-0.9525,-79.3531
Valencia,Philippines,7.9042,125.0928
Valencia,Spain,39.47,-0.3764
Valencia,Trinidad and Tobago,10.65,-61.2
Valencia,Venezuela,10.1667,-68
Valladolid,Mexico,20.6894,-88.2017
Valladolid,Philippines,10.4667,122.8333
Valladolid,Spain,41.6528,-4.7236
Varna,Bulgaria,43.2167,27.9167
Varna,Russia,53.3806,60.9803
Venecia,Colombia,5.9167,-75.75
Venecia,Costa Rica,10.3357,-84.2859
Vera,Argentina,-29.4667,-60.2167
Vera,Spain,37.25,-1.8667
Vila do Conde,Brazil,-7.26,-34.9078
Vila do Conde,Portugal,41.3528,-8.7444
Villa del Rosario,Argentina,-31.5833,-63.5333
Villa del Rosario,Colombia,7.8339,-72.4742
Villa del Rosario,Paraguay,-24.4167,-57.1167
Villa Elisa,Argentina,-32.1667,-58.4
Villa Elisa,Paraguay,-25.5075,-57.5725
Villa Nueva,Argentina,-32.4331,-63.2475
Villa Nueva,Guatemala,14.5314,-90.5964
Villa Union,Argentina,-29.3,-68.2
Villa Union,Mexico,23.1883,-106.2158
Villahermosa,Colombia,5,-75.1667
Villahermosa,Mexico,17.9892,-92.9281
Villanueva,Colombia,4.6087,-72.9288
Villanueva,Honduras,15.3167,-88.0167
Villanueva,Mexico,22.3536,-102.8831
Villanueva,Nicaragua,12.9647,-86.815
Villanueva,Philippines,8.5833,124.7833
Villareal,Philippines,11.5667,124.9333
Villareal,Spain,39.9378,-0.1014
Villarrica,Chile,-39.2667,-72.2167
Villarrica,Paraguay,-25.75,-56.4333
Villeta,Colombia,5.0083,-74.4738
Villeta,Paraguay,-25.51,-57.56
Virginia,Brazil,-22.3328,-45.0919
Virginia,South Africa,-28.1064,26.8622
Viseu,Brazil,-1.1969,-46.14
Viseu,Portugal,40.6667,-7.9167
Viterbo,Colombia,5.0667,-75.8833
Viterbo,Italy,42.4186,12.1042
Wau,Papua New Guinea,-7.3389,146.7167
Wau,South Sudan,7.7,28
Whitby,Canada,43.8833,-78.9417
Whitby,United Kingdom,54.4858,-0.6206
Xincheng,China,39.9883,112.4673
Xincheng,Taiwan,24.0514,121.6083
Xinyuan,China,37.2953,99.0341
Xinyuan,Taiwan,22.5149,120.447
Xiulin,China,29.7211,112.4037
Xiulin,Taiwan,24.2167,121.5333
Yanbu,Saudi Arabia,24.0883,38.0582
Yanbu,Taiwan,22.7544,120.5724
Yangmei,China,22.8728,112.7802
Yangmei,Taiwan,24.9167,121.15
Yao,Chad,12.8508,17.5608
Yao,Japan,34.6269,135.601
Yoro,Honduras,15.1333,-87.1333
Yoro,Japan,35.3084,136.5614
Young,Australia,-34.3,148.3
Young,Uruguay,-32.7,-57.6333
Yuli,China,41.3351,86.2614
Yuli,Taiwan,23.3875,121.3764
Zamora,Ecuador,-4.0692,-78.9567
Zamora,Mexico,19.9833,-102.2833
Zamora,Spain,41.5033,-5.7556
Zaragoza,Colombia,7.494,-74.871
Zaragoza,El Salvador,13.5833,-89.2833
Zaragoza,Guatemala,14.6498,-90.8902
Zaragoza,Mexico,28.4869,-100.9175
Zaragoza,Philippines,15.4492,120.7933
Zaragoza,Spain,41.65,-0.8833
Zira,Azerbaijan,40.3636,50.2903
Zira,India,30.97,74.99
Zumarraga,Philippines,11.639,124.841
Zumarraga,Spain,43.0831,-2.3167
Zwijndrecht,Belgium,51.2167,4.3333
Zwijndrecht,Netherlands,51.8167,4.65
